1,Magda,Whitwam,Clement,mclement0@list-manage.com,04/15/1931,XNPI634256PTDACLX8
2,Arlyne,Padula,Hache,ahache1@nsw.gov.au,05/21/1945,QJKF753138AZQNZRU1
3,Rowen,Ricker,Greenhouse,rgreenhouse2@walmart.com,08/26/1920,GVLJ078803JVZOWGN6
4,Tildy,Pestridge,Pagon,tpagon3@prweb.com,01/09/2003,QRZU251090EFYXNRQ5
5,Jerrie,Rushford,McDunlevy,jmcdunlevy4@mlb.com,03/07/1938,UZZC427101KEKJQEU3
6,Sherrie,Layton,Colleck,scolleck5@usgs.gov,05/21/1930,EPRC790542MCGKJJF3
7,Pearce,Rillett,Hapke,phapke6@wisc.edu,10/16/1937,GFVV674650RZCNZZD5
8,Huntington,Lafond,Lynas,hlynas7@joomla.org,09/14/1957,RIIL548648HLEWFMN3
9,Matelda,Peery,Gingles,mgingles8@ucla.edu,10/15/2009,LDLK892219NUIQLPJ0
10,Hayward,Garrat,McNamara,hmcnamara9@nba.com,01/26/1978,MCLV306210ADNKDCH8
11,Regan,Muscat,Islep,rislepa@tamu.edu,05/05/1985,QNJF414730KRPJWQG2
12,Joycelin,Kollaschek,Broadstock,jbroadstockb@flavors.me,05/07/1973,IZNW523287DBHKIPH8
13,Kermy,Chalk,Thomassin,kthomassinc@pbs.org,09/02/1968,AWZF350378ENRVRRI6
14,Zachary,Conman,Saipy,zsaipyd@stanford.edu,05/07/2020,REYP053409GLFRNWF3
15,Case,Birdis,Lindblom,clindblome@hud.gov,11/10/1986,TSTW810283MANXUAX1
16,Ginger,Bonnin,Urch,gurchf@usa.gov,04/25/1965,YSDW731760BIYEICI6
17,Rachelle,Bonney,McVicar,rmcvicarg@instagram.com,11/21/2021,NFZD669997VDOTMQV4
18,Forbes,Burgoin,Cordle,fcordleh@godaddy.com,05/14/1986,YUSZ642303VHPUFKC2
19,Elwira,Casa,Beckley,ebeckleyi@t-online.de,09/11/1925,CCFY351550OPJKYUO0
20,Candida,Moorcroft,O'Dulchonta,codulchontaj@slashdot.org,08/16/1958,GHSC225059UZOFORZ1
21,Imogene,Tatersale,Gloves,iglovesk@soundcloud.com,04/04/1992,IMNA946888VZPYCZH7
22,Taber,Foulstone,Laffranconi,tlaffranconil@weebly.com,04/09/2016,RWSR753467KTXAROC0
23,Molli,Lochhead,Pieper,mpieperm@tamu.edu,12/17/1994,IAFJ729918HAZHRNZ3
24,Steffane,Duffin,Priest,spriestn@histats.com,03/14/1983,EZGP751102PZAWPOA9
25,Tommie,Woodnutt,Burgise,tburgiseo@wp.com,01/14/2021,WZEU638388AFKKTZW3
26,Niven,Zumbusch,Enos,nenosp@statcounter.com,12/12/1921,PELP452808SJPCLLW7
27,Dorris,Thorsen,Rayhill,drayhillq@berkeley.edu,12/27/1926,CFMO577095ILYFSAD9
28,Eadmund,Kohn,Lassells,elassellsr@comcast.net,09/09/1945,FTIK940963CVPBZQU3
29,Cosmo,Santoro,Ingold,cingolds@netvibes.com,03/02/1962,WQRX543157DDJKWHS2
30,Rica,Norcliffe,Pury,rpuryt@upenn.edu,03/12/1961,LZXS432747QLZIDIO1
31,Nadia,Beardwell,Saulter,nsaulteru@state.tx.us,07/26/1922,HUFJ539172IHDEYXI3
32,Luther,Warbey,Esposita,lespositav@cornell.edu,09/16/1959,KYSZ581161VFGLMUQ4
33,Edee,Domingues,Edler,eedlerw@boston.com,06/22/1982,IVRB739959NONZYFK7
34,Edythe,Duckham,Hayman,ehaymanx@weebly.com,05/03/1995,HSBR186076PASGWAP7
35,Cindi,Dimnage,McBrier,cmcbriery@liveinternet.ru,07/12/1996,KJLQ187445TMLJITR1
36,Ferrel,Garnsworthy,Claremont,fclaremontz@nhs.uk,01/12/1986,KNZQ933797ZMGXWMW5
37,Viki,Leckie,Dwerryhouse,vdwerryhouse10@paginegialle.it,09/22/1964,YWRI158719BYNKDCW1
38,Juana,Spratling,Yegorshin,jyegorshin11@bravesites.com,06/30/2013,VZLS531593DTDFROW6
39,Bealle,Crosier,Ryland,bryland12@xrea.com,12/05/1921,UFXQ578172BIKLZRW6
40,Lenard,Vahey,Morch,lmorch13@xrea.com,01/02/1966,PTAW988287IATSDTL2
41,Nariko,Kehri,Makin,nmakin14@wordpress.com,10/23/1946,GJQN145892ZSATASJ3
42,Bridget,Fitzjohn,Gebb,bgebb15@deliciousdays.com,07/08/1933,ZHIE856297BVSAQZR5
43,Hedvig,Houlworth,Hartwright,hhartwright16@yelp.com,08/26/1925,KITB655746DXBKJIO0
44,Kettie,Bricknell,Somerled,ksomerled17@vimeo.com,07/12/2019,DXOW637952COYPNMC8
45,Cirilo,Playhill,Barthot,cbarthot18@miitbeian.gov.cn,07/04/1970,HSWJ882432ACTNVPM9
46,Zechariah,Hedman,Tolson,ztolson19@admin.ch,04/29/1922,KDEI078760WDUECBJ8
47,Bev,Micallef,Espasa,bespasa1a@accuweather.com,11/18/1956,YFTT036363UIIQYSA1
48,Anthea,Wildey,Lantuff,alantuff1b@tumblr.com,04/26/1957,LTNR604901GUGMZBG5
49,Torrey,Barkworth,Bonnick,tbonnick1c@joomla.org,02/02/2006,HXYY617736SWSTWAH1
50,Felicdad,Jaffra,Van Baaren,fvanbaaren1d@elpais.com,12/15/1984,KBIQ053954GARKGQW0
51,Fara,Mate,Tembey,ftembey1e@usda.gov,11/28/2015,APVS540111JHTJEJL3
52,Loraine,Munden,Darke,ldarke1f@tinyurl.com,01/29/1951,CSAI877719VAUONUD6
53,Isabeau,Husselbee,Ruoss,iruoss1g@blogtalkradio.com,06/08/1976,KQRI905631CCYBBGF9
54,Banky,Cordy,Chue,bchue1h@etsy.com,07/15/1932,OYUL802027THWNSJG0
55,Trula,Dellenbrok,Pomfrett,tpomfrett1i@bbb.org,01/11/2000,ENQJ534962UGYUJTD8
56,Gardiner,Vanyushkin,Clark,gclark1j@fastcompany.com,06/27/1963,NEGI281680MJPOXIC0
57,Elaina,Minot,MacVaugh,emacvaugh1k@usda.gov,08/04/1939,RZZX061671TONBGOX8
58,Lise,Cruess,Gettone,lgettone1l@tamu.edu,05/17/1990,SCTD194553GINOPZO3
59,Hy,Wardhaw,Lomasney,hlomasney1m@gov.uk,07/19/1979,VKHJ726097OSZZHIU5
60,Marta,Strutley,Travers,mtravers1n@addthis.com,09/23/2012,YRKI562291YNDPJJL0
61,Mart,Wrightham,Martinon,mmartinon1o@bigcartel.com,06/16/1999,RHVY350038EGTUYLA7
62,Buiron,Beetham,Ades,bades1p@domainmarket.com,09/09/1962,RLSB396633ZMXUMUR3
63,Goober,Bricksey,Slinger,gslinger1q@so-net.ne.jp,05/28/1968,JZSX885711BBQWWIS7
64,Arlina,Bradbury,Nineham,anineham1r@comsenz.com,06/02/1941,GRZA972743QAUBFPF9
65,Marabel,Haslehurst,Gledhill,mgledhill1s@naver.com,05/15/2016,IDLN872992BAUTGDW1
66,Therine,Frome,Sharville,tsharville1t@domainmarket.com,03/01/1959,OBVN876054VEHHECF3
67,Vinnie,Fackrell,Bullivent,vbullivent1u@51.la,12/18/1989,RYFE075178AOMIVAH7
68,Greggory,Swalowe,Matic,gmatic1v@homestead.com,11/19/1936,MVCO727210SMKTHGG0
69,Teresina,Attridge,Cossentine,tcossentine1w@shareasale.com,09/05/2002,OBCO177031TPZKZXI0
70,Caresse,Morris,Joplin,cjoplin1x@smh.com.au,06/17/1965,ZHNB957084FJUXKFV6
71,Lauralee,Dawidowicz,McElmurray,lmcelmurray1y@wikimedia.org,03/27/2013,YBLZ200576SIXPCUS2
72,Celinda,Truluck,Torricina,ctorricina1z@trellian.com,03/12/1991,RIQN032717UZUWMUN2
73,Corie,Trundle,Andreotti,candreotti20@mediafire.com,03/05/2012,KHBH367239FSNJKSV6
74,Anatole,Smorthit,Stringer,astringer21@plala.or.jp,12/18/1981,JDAJ217126STBPRVF5
75,Feodor,Wanjek,Brendeke,fbrendeke22@fema.gov,03/14/1996,GISH263496ARODDQL0
76,Merlina,Igo,Coye,mcoye23@technorati.com,06/25/1976,OVXG467593LWNHDAH2
77,Riley,Mosdell,MacHarg,rmacharg24@reference.com,08/21/1997,ABLK244778NMEKEVW5
78,Lauraine,Tremayle,Brome,lbrome25@over-blog.com,12/06/1923,ELMN988431AEXUIOB2
79,Matilda,Ledeker,Kennifeck,mkennifeck26@opensource.org,02/05/1992,YRRU993624JLVFJEW3
80,Alejandro,Dugall,Tadlow,atadlow27@va.gov,03/24/2007,HAGH401692OUKOGRA9
81,Rasla,Stother,Linthead,rlinthead28@cloudflare.com,03/04/1986,ZHNP917232NJGIWRJ0
82,Susann,Bubb,Bricksey,sbricksey29@xinhuanet.com,03/05/1975,YYJD421384QWFZHBH5
83,Alley,Braam,Pippard,apippard2a@gnu.org,02/19/1977,THYJ545000NOZAUQP7
84,Paddie,O'Cuddie,Welton,pwelton2b@oaic.gov.au,09/28/1960,NMPD544657DTJLYVM2
85,Addi,Withnall,Matignon,amatignon2c@virginia.edu,02/16/1920,SNXB769061GSVZAKS4
86,Vincent,McEntegart,Ahlf,vahlf2d@cdbaby.com,11/11/1944,VKME230911XKYQXHK4
87,Julieta,Pedersen,Baudacci,jbaudacci2e@time.com,11/07/1976,HXXU456912CBLBOYW7
88,Suzann,Blacker,Cockshut,scockshut2f@yolasite.com,05/16/1983,TJAY089684IVERPSS4
89,Teresa,MacGinney,Fussie,tfussie2g@blogspot.com,10/13/1997,UMHF216359HNSWMRB2
90,Inger,McQuarter,Torrie,itorrie2h@joomla.org,02/18/2019,QKNX178566BNEFKOC7
91,Nara,Matveiko,Aberdalgy,naberdalgy2i@salon.com,06/07/1961,GTZK871548APKBXDY7
92,Jessamyn,Arnaudet,Stubbin,jstubbin2j@prweb.com,12/29/1989,WLXG556178YVYBJWX2
93,Cassandra,Drewe,Stoffels,cstoffels2k@cmu.edu,02/11/2010,IGWB885311NDERFYM9
94,Hermon,Battman,Crawford,hcrawford2l@hhs.gov,07/19/1956,TRBP186714DGJUPMJ7
95,Calhoun,Payne,Margetts,cmargetts2m@ameblo.jp,11/22/1937,BGNJ170970WGIZUZN6
96,Marge,Eakin,Chevin,mchevin2n@squidoo.com,10/06/1989,HGKA467481ORKOYAK8
97,Leicester,Faithorn,McCluin,lmccluin2o@biglobe.ne.jp,08/27/1946,RCVU225499CUOARXC8
98,Bibby,Pegden,Joesbury,bjoesbury2p@cisco.com,09/23/1997,FPQO284316UUUXUBS0
99,Tom,Gaish,Downe,tdowne2q@plala.or.jp,09/21/1936,OPNA719326JHANYXN4
100,Ramsay,Drivers,Forward,rforward2r@icio.us,06/14/1955,GMEG287378ZFHJKCC3
101,Mel,Pointer,Syred,msyred2s@chron.com,11/04/1976,BCPT403307ICOZANU4
102,Fanny,Lapish,Stannah,fstannah2t@sun.com,01/14/1996,FMOF912219RPLVKGU8
103,Gerri,Dominichetti,Yakebowitch,gyakebowitch2u@independent.co.uk,03/29/1974,SULS204767FZNPTAY6
104,Salomo,Uglow,Sabben,ssabben2v@diigo.com,01/22/2009,FESN308937MNHKCYR7
105,Mendie,Rolph,De Micoli,mdemicoli2w@tinypic.com,05/30/2014,ODHW311232SBXJJBN2
106,Zacharias,Hayers,Methringham,zmethringham2x@globo.com,01/11/2002,LNHO008553BZABJIG8
107,Christye,Dunwoody,Hallex,challex2y@infoseek.co.jp,11/03/2005,ICOG898868QRYWKZT5
108,Malia,Bleeze,Nyland,mnyland2z@jimdo.com,01/02/2022,TDXU329084FEGCOWO1
109,Theda,Bunson,Smorthit,tsmorthit30@ask.com,02/26/2021,MFBX418009WOKZKAQ3
110,Dermot,Preble,Pickles,dpickles31@oaic.gov.au,11/17/1927,KZZX784174AGHRMHA9
111,Lisbeth,Starton,Sprason,lsprason32@zdnet.com,12/19/1944,QZWS703363MSEOJWO5
112,Reinald,Full,Warlawe,rwarlawe33@cam.ac.uk,09/17/1944,WDAL362509ABPBPER1
113,Ulrick,McClory,Cradey,ucradey34@ifeng.com,05/11/2013,ARKI890164ABRICYO4
114,Shane,Hanney,Argile,sargile35@blogtalkradio.com,01/13/2004,KTHB717767XOBOFLK0
115,Lonnie,Vreede,Cearley,lcearley36@rakuten.co.jp,07/16/1956,RBPL348050MVDDWXE4
116,Daren,Laviss,Colquyte,dcolquyte37@utexas.edu,12/14/1968,VIGK818826ARNGVUQ4
117,Mic,Bispo,Betham,mbetham38@apache.org,05/11/1920,LDHS751039DTPVOHW8
118,Abbie,Turton,Lorenz,alorenz39@ihg.com,05/18/2004,OVTK696849DNPPJVW8
119,Benedetto,Yacobsohn,Pegrum,bpegrum3a@homestead.com,08/31/1951,BNTW705532ITEJIJX9
120,Genny,Mallord,Bramont,gbramont3b@unblog.fr,03/14/2017,BPGD945679COZMNEL9
121,Thekla,Longland,Fruen,tfruen3c@imdb.com,08/24/1955,LDXZ172847EZGGOAI4
122,Angie,D'Arrigo,Klugel,aklugel3d@stumbleupon.com,07/09/1949,KHSR871719SXOUMTW1
123,Blithe,Nutbean,Tippett,btippett3e@yahoo.co.jp,01/13/1955,PFYW483828UINKIBJ0
124,Gale,Matteris,Muskett,gmuskett3f@de.vu,10/13/1969,RFYR987572WYTFWSS6
125,Sansone,Gonning,Goulborn,sgoulborn3g@elegantthemes.com,03/30/2012,CYHN564224NEWQWRG5
126,Minny,Stein,Thistleton,mthistleton3h@cnn.com,09/12/1994,UAYZ002753ORYJOED1
127,Margarethe,Greensted,Lehr,mlehr3i@amazonaws.com,03/17/1949,CEOA638177FBUINJV5
128,Tomkin,Byng,Crosetti,tcrosetti3j@gmpg.org,06/01/2020,UJOJ637141VFWFONO2
129,Peggi,Naisby,Klimentyonok,pklimentyonok3k@state.gov,08/09/2004,YOYT537303DJKEVFW3
130,Roana,Morecomb,Deetch,rdeetch3l@statcounter.com,01/03/1948,UOGU247347HVNNSDB9
131,Ad,Fairall,Walburn,awalburn3m@bloglovin.com,04/23/1990,ZHSB798150VFIIQJJ8
132,Dov,Imlaw,Farryann,dfarryann3n@amazon.com,03/09/1936,VVXB415197EJEVXYT7
133,Lars,Skyrm,Glede,lglede3o@wufoo.com,08/13/1990,NASZ319674LFYJKXM9
134,Geri,Fulun,Eaglesham,geaglesham3p@imageshack.us,04/18/1929,ISAY732876NJVWBJU0
135,Casie,Pinhorn,Leggett,cleggett3q@cbslocal.com,10/03/1998,BGIS780343XIJMHXP7
136,Teodoro,Downs,Brownsword,tbrownsword3r@sbwire.com,08/31/2008,XSMP755180SAEBQXA0
137,Pete,Fetherstan,Seiter,pseiter3s@t-online.de,07/17/2018,YPMI720905GEIANUK1
138,Sheena,Tape,Hassur,shassur3t@typepad.com,02/22/1928,NLVJ844039BMWAQFF2
139,Anthe,Rhys,Sandell,asandell3u@github.com,06/18/1943,FYEF590399RXUUQNG3
140,Farley,Colledge,Gergolet,fgergolet3v@jigsy.com,11/12/1943,VJEV362315QKTHUNI1
141,Cleavland,Rowly,Kordovani,ckordovani3w@gravatar.com,04/28/1961,OOWB229970PNPYVTM3
142,Delmore,Linning,Curdell,dcurdell3x@wikimedia.org,02/13/1959,BNKH227398GYISJAU6
143,Nertie,Sorro,Lorentz,nlorentz3y@jugem.jp,04/22/1961,LZTX249139UMFAEUE1
144,Dominik,Wheeliker,Yelden,dyelden3z@webnode.com,09/09/2008,XQMK043266UPGVABF4
145,Lief,Ackred,Eisikowitch,leisikowitch40@google.es,11/22/2007,FSXI740511GHUVZUU0
146,Bethany,McKelvey,Brouwer,bbrouwer41@gizmodo.com,12/29/1979,FZAO995308HGVAKUA2
147,April,Figger,Thurlborn,athurlborn42@topsy.com,12/23/1982,SIUK384380YHIXDKV2
148,Tatiania,Crunden,Pridden,tpridden43@engadget.com,08/28/1994,OHDQ362981TNNYCSC2
149,Allene,Vonderdell,Carnalan,acarnalan44@timesonline.co.uk,11/06/2003,PFOV191385OUTQIDN5
150,Haskel,McIlheran,Spittall,hspittall45@geocities.jp,02/09/1938,GGSZ840318QUBVYPV8
151,Ermentrude,Shilton,Dunkerk,edunkerk46@buzzfeed.com,04/21/1960,SQPL883616KJIEPUH4
152,Barbee,Collerd,Ingreda,bingreda47@salon.com,06/28/1946,EPBE297769NMIHIZX0
153,Gustaf,Kidstoun,Vauter,gvauter48@paginegialle.it,04/01/1950,PHUC430200SQOXJLD2
154,Letti,MacGinley,Daelman,ldaelman49@unblog.fr,09/21/2009,LCXA271575PCFANAK6
155,Zia,Behrens,Sauniere,zsauniere4a@yale.edu,06/14/1925,FZMB440166JMLSBHK3
156,Hagen,Hallybone,Conrath,hconrath4b@facebook.com,12/01/1960,BNDP169509OVJPAEK7
157,Paulina,Lorrimer,Korbmaker,pkorbmaker4c@miitbeian.gov.cn,12/23/1943,BXER994722TWOALIG6
158,Emmit,Dorken,Jaggers,ejaggers4d@nytimes.com,11/08/1938,VVKN036338LTABIOB9
159,Abramo,Bearn,Gilbeart,agilbeart4e@nasa.gov,09/21/1951,GPBL176456LGLOXXR1
160,Ida,Braxton,Arrington,iarrington4f@vinaora.com,07/29/1964,PWGH409484EHPRULE3
161,Leandra,Ber,Englefield,lenglefield4g@comsenz.com,09/07/1996,UCSU583500YZVZEYV1
162,Minnie,Bruhnicke,Blakden,mblakden4h@ehow.com,06/29/1959,OGHF719397GFIYINQ2
163,Rosemarie,Harlowe,Mulkerrins,rmulkerrins4i@macromedia.com,11/21/1983,ERYL653068AMSWMAI1
164,Alfreda,Cubbino,Malecky,amalecky4j@example.com,07/24/2010,NCZB208896UWZFEDW9
165,Ingelbert,Bohl,Burg,iburg4k@cbslocal.com,06/11/1979,ZWHB724948JLXOVLU7
166,Oriana,Panton,Moulsdall,omoulsdall4l@ocn.ne.jp,04/18/1928,BXPV336770FIWEXTQ7
167,Dale,Goulter,Gilfoy,dgilfoy4m@webmd.com,10/28/2012,AVMT307514FUFVBAL5
168,Hugues,Meritt,Kuhle,hkuhle4n@ihg.com,05/01/1959,ROUA115127PUSFEPZ7
169,Bab,Irons,Pyzer,bpyzer4o@jigsy.com,10/08/1980,TLPI573924BCLFJMV5
170,Robinett,Chansonne,Finneran,rfinneran4p@baidu.com,03/21/1953,TWGA891001GLXNVYG1
171,Bing,Ruler,Kempson,bkempson4q@nifty.com,07/31/1988,VZBS733784YXWXXSK0
172,Anatola,Monte,Brownsall,abrownsall4r@microsoft.com,07/26/1996,NWWU506194VOPOEHA2
173,Ulysses,Bruce,Kleinschmidt,ukleinschmidt4s@kickstarter.com,08/11/1928,RMIV300632VFHZNUV4
174,Cully,Rumin,Merle,cmerle4t@scribd.com,04/07/1946,WYIM147009CAJBFVV3
175,Eleni,O'dell,Slixby,eslixby4u@wordpress.com,11/12/1978,VMFV824329HBLJRPT8
176,Allix,Vlach,Iglesia,aiglesia4v@dagondesign.com,09/08/1981,MGRT000488MKFUYDP5
177,Alia,Van Daalen,Colquhoun,acolquhoun4w@japanpost.jp,05/21/1969,INEN645078MDJTINB8
178,Cherey,MacSharry,Whittlesey,cwhittlesey4x@histats.com,03/01/1962,FWVD834588BSLRHHV0
179,Sandie,Rosenboim,Curds,scurds4y@ocn.ne.jp,11/30/1990,SOCV603030VWYZVSK5
180,Iggie,Secrett,Mattioni,imattioni4z@wikipedia.org,07/21/1962,DLGZ651558NRGHFWM9
181,Sherry,Ovenden,Banishevitz,sbanishevitz50@pbs.org,03/04/1962,CFOF500855YVYBQJM7
182,Nicholle,Rennix,Pepys,npepys51@skype.com,01/21/1954,WCZA242741KJRVRXR6
183,Meredeth,Mitchelson,Viveash,mviveash52@chronoengine.com,08/23/1962,QXXF411665LDVKMDA6
184,Luci,Farny,Morrice,lmorrice53@imgur.com,04/13/1966,JQKL615669ZPLLXTD9
185,Burch,Thomton,Twort,btwort54@sohu.com,01/17/1981,YHAO794025IEUHQFS8
186,Ruben,O' Mullan,Godspede,rgodspede55@wikia.com,12/25/1924,OKUN714899FTALRKG3
187,Frans,Lindemann,Anwyl,fanwyl56@phoca.cz,10/19/1935,RVAC912528WBOSPYQ5
188,Bondie,Gaskoin,Vedikhov,bvedikhov57@odnoklassniki.ru,05/17/1958,YEFR224747XBJMGDS3
189,Chrissy,Shank,Tabner,ctabner58@howstuffworks.com,12/11/1960,TCBL524663XIAMWUL9
190,Basil,Summerson,Izakof,bizakof59@miitbeian.gov.cn,03/05/1924,KPWV013653JQFSQIK0
191,Carol-jean,Canada,Teulier,cteulier5a@un.org,02/11/2020,YVOH916669VFRVSOI1
192,Reiko,Shenfisch,Deschlein,rdeschlein5b@sciencedaily.com,08/19/1939,IUIZ368424YMKZTHO8
193,Ursula,Tytcomb,Press,upress5c@hexun.com,07/02/1993,GPLY971886VUNTSXF8
194,Neysa,Burgoine,Ferrandez,nferrandez5d@auda.org.au,07/25/2021,FZCK772720WKIZVTD6
195,Rosalinda,Wincott,Uccello,ruccello5e@thetimes.co.uk,11/03/2004,AAHQ515639YTEWNAO7
196,Luci,Sneezum,Stubbings,lstubbings5f@bigcartel.com,08/10/1971,XRXD588118QIGZYAL8
197,Melonie,Peasey,Blythin,mblythin5g@yahoo.com,05/08/1946,VHYK506856ZVNXDPJ0
198,Hillard,Diwell,Treadgall,htreadgall5h@sciencedirect.com,07/28/1963,QIAV134815IIZECBC8
199,Elvera,Wiggans,Fortie,efortie5i@ebay.com,08/29/2013,KQRW185152HBIDQDE3
200,Rozamond,Thaller,Carneck,rcarneck5j@ucla.edu,04/15/1922,JRIP090069XBMEFAY8
201,Robinett,Gonning,Keeler,rkeeler5k@artisteer.com,11/28/1959,EEPZ544030QCBKUPP3
202,Deanna,Ladbrook,O'Cosgra,docosgra5l@163.com,07/07/1963,YAFV057501ZOAYFUB8
203,Gabe,Gianulli,Spat,gspat5m@accuweather.com,09/17/1922,CTOE299021KVFYGYE4
204,Dawna,Boyack,Breckon,dbreckon5n@alibaba.com,01/17/1978,CWRL956277CAQRYLH2
205,Guinna,Spirritt,Coleborn,gcoleborn5o@narod.ru,04/26/1957,FCOW364640HPPHULG8
206,Jeralee,Le Brom,Winspire,jwinspire5p@360.cn,11/28/1992,EJMJ377162CLTYJLP7
207,Johnna,Harper,Crinidge,jcrinidge5q@rediff.com,05/01/1953,YJSK470285DKMARAJ7
208,Carlen,Kleewein,Dods,cdods5r@yelp.com,05/11/1978,TVXA843308ISENDZS7
209,Jacquelin,Syddon,Leafe,jleafe5s@phpbb.com,10/04/1961,VKVN618811SXWDYFJ1
210,Edi,Grenshiels,Malpas,emalpas5t@soup.io,07/24/1996,XUOU897823BODCDOA5
211,Wendy,Whatley,Corney,wcorney5u@macromedia.com,11/16/2010,QFEZ486457SPQAPMQ4
212,Kale,Ixor,Ferrieri,kferrieri5v@de.vu,02/12/2004,AAKK881712IREXRWX2
213,Purcell,Giovannazzi,MacRirie,pmacririe5w@loc.gov,05/27/1921,XFIH921752FEVIUSS5
214,Cooper,Itzkovici,Loade,cloade5x@etsy.com,12/08/1968,DQFX457684ASZWMRD4
215,Demott,Imloch,Ashby,dashby5y@nba.com,10/28/2008,BFEV875789MNIOLTQ8
216,Arni,Sattin,Mibourne,amibourne5z@ucsd.edu,04/06/1990,FFJS136825UQNNEHE9
217,Marlene,Mannock,Durran,mdurran60@posterous.com,05/09/2007,SQBD329136NXQWNQB9
218,Warren,Ponter,Quarton,wquarton61@state.tx.us,09/01/1993,ETKZ354949XDGANNE4
219,Lisabeth,Platts,Bennis,lbennis62@google.it,03/27/1941,AAEH304366NFNFAVZ1
220,Hillier,Sunnex,Anstead,hanstead63@webnode.com,09/12/1980,GTZT654460QDGVWZW8
221,Leicester,Edmonds,Deighton,ldeighton64@globo.com,07/28/1968,ISOF843749IDPSYPH9
222,Dorene,Curtis,Brunt,dbrunt65@ameblo.jp,11/17/1969,CEBE846745WNYTKMN6
223,Amby,Kingston,Harmston,aharmston66@hostgator.com,05/29/1946,UXEY306644LLWIPAA5
224,Hayyim,Fullerd,Cleevely,hcleevely67@guardian.co.uk,04/20/1943,DEOD372513XGETVSK1
225,Ettore,Mara,Bagster,ebagster68@stanford.edu,08/28/1992,FRXP885376CAVPZSP5
226,Bertrand,Antecki,Dimmick,bdimmick69@wired.com,12/08/1923,QACV485652EJIVQLF1
227,Wake,Arthurs,Leghorn,wleghorn6a@squarespace.com,06/21/1962,QPJH844235IFWYONN4
228,Kirsten,Yardley,Baumber,kbaumber6b@imageshack.us,03/31/1993,SHXG491134PUHSHND2
229,Luke,Viste,Arnout,larnout6c@a8.net,03/04/2002,GDOL566350ELKRBEQ6
230,Elnore,Colam,Pedrozzi,epedrozzi6d@hibu.com,09/28/1957,YBZV329316BRBYBNH0
231,Frederique,Winslet,Patroni,fpatroni6e@mtv.com,05/09/1949,HSEW697183SLVMFZT0
232,Igor,McGinny,Perkins,iperkins6f@scribd.com,05/13/1997,NGUF176798BUEIBZB5
233,Monica,Castellucci,Assante,massante6g@altervista.org,12/19/1951,PPGU927492QNPFRDA7
234,Pierrette,Satford,Walkinshaw,pwalkinshaw6h@home.pl,12/12/1994,JRFX839903ZIRBXHI8
235,Lawton,Blything,Barbery,lbarbery6i@yelp.com,02/17/1986,PAQY316753OAOZQRP4
236,Luce,Held,Rotchell,lrotchell6j@microsoft.com,05/04/1920,YOOL317569TTTEVDW1
237,Averell,Robben,Phittiplace,aphittiplace6k@netvibes.com,05/26/1985,CFRH069301HBKHGLC4
238,Duke,Burgane,Witcomb,dwitcomb6l@feedburner.com,03/21/2005,WUVK647775XFEUZWT1
239,Dominick,Paschek,McElane,dmcelane6m@sphinn.com,11/13/2006,QBFV544866YOCROZB9
240,Tait,Johns,La Wille,tlawille6n@etsy.com,12/17/1961,XCJH594486PVQFLYP8
241,Binny,Armour,Venditto,bvenditto6o@t.co,12/30/1958,HPAW185707BHKYKPQ1
242,Elvira,Scartifield,Corre,ecorre6p@yolasite.com,03/11/1991,PLUZ210641YQUVXLP9
243,Rollins,Meechan,Plom,rplom6q@aol.com,10/12/1972,YPCZ978498OAOKHAH5
244,Hyacinthia,Loveguard,Aubrun,haubrun6r@symantec.com,06/03/1964,EBAA826275JTCCYAN1
245,Frank,Sayle,Beckey,fbeckey6s@dropbox.com,12/15/1954,SRWV812055DKHZXRJ6
246,Duffie,Poore,Timblett,dtimblett6t@pagesperso-orange.fr,05/07/2012,TWKK176109VEVOLGN5
247,Aylmar,Hayer,Etherington,aetherington6u@nps.gov,05/07/1984,QMRA200714EXAJVRI0
248,Mallissa,Turbill,Tibbotts,mtibbotts6v@imgur.com,12/06/1936,CPBO582860CFKXFJO4
249,Colman,Illesley,Kubas,ckubas6w@japanpost.jp,08/28/1925,HJRC722649EYCTAKJ6
250,Maximilian,Pattinson,Skain,mskain6x@desdev.cn,09/15/1985,XWXY951752NTFQAUP7
251,Flem,Aucott,Ancliffe,fancliffe6y@booking.com,09/06/1981,HABJ584000YWJFZTV9
252,Sheeree,Cominetti,McCaighey,smccaighey6z@pcworld.com,12/11/1954,IVLH907318FMHNWVN1
253,Henri,Wigin,Whistance,hwhistance70@sina.com.cn,09/02/2019,NTWX580343XQCJDME8
254,Curry,Tamburi,Loach,cloach71@oaic.gov.au,07/03/1937,SWGN277660YRSMROI8
255,Poppy,Diboll,Gratland,pgratland72@unesco.org,09/01/2011,ISJQ458553OCVMAWI6
256,Obie,Witherup,Fussen,ofussen73@bravesites.com,06/10/1963,LOHC274403OAJFEHJ9
257,Hinze,Lucock,Muslim,hmuslim74@jigsy.com,01/25/1934,DCVM250241HMVCNQE9
258,Kerwin,Challener,Morena,kmorena75@angelfire.com,12/19/1957,ZIJX133839NXZTPNZ1
259,Goraud,Castro,Mottram,gmottram76@google.co.uk,03/08/1974,EQCD624789NEVGQNQ9
260,Peri,Bramham,Bearfoot,pbearfoot77@upenn.edu,05/17/1987,LSNU067329SWNHAUP9
261,Alberto,Baxter,Valentine,avalentine78@illinois.edu,11/27/1920,PJDP538232OWAZSHD7
262,Helaina,Desaur,Maciunas,hmaciunas79@who.int,07/03/2008,IDEU421996HGRJFWM6
263,Portia,Haggart,Hawler,phawler7a@newsvine.com,02/12/1987,NBMP031805YXWFDZU4
264,Marcus,Meeny,Dunlop,mdunlop7b@google.pl,06/04/1984,UCPQ350958PBWVBRE7
265,Casandra,McArd,Gowlett,cgowlett7c@theatlantic.com,03/20/1950,PVRE366291NLJFSJV8
266,Farley,Forgan,Mattielli,fmattielli7d@omniture.com,07/06/1976,DZEM101623ZSKONIQ7
267,Becka,Blatcher,Imlen,bimlen7e@angelfire.com,08/30/1974,JXOX301169PFMDTFU3
268,Wilbert,Hairsnape,Karslake,wkarslake7f@china.com.cn,03/08/1991,PQKA956507BQSVXLP6
269,Tine,Pennock,Rudwell,trudwell7g@aol.com,12/07/1959,NTGQ067778SRDLRVF9
270,Steffi,Robben,Rivett,srivett7h@liveinternet.ru,04/05/1945,VWCC422161PENAHWM4
271,Dari,Rainon,Acland,dacland7i@shinystat.com,10/07/1970,HQGB735856BTFZEJS2
272,Aymer,Longbottom,Slyvester,aslyvester7j@nationalgeographic.com,09/13/2010,VZII461066ADSZTLC8
273,Edna,Alvey,Bodicum,ebodicum7k@mac.com,06/09/1933,ZMGH953262LEAGISC0
274,Neron,Roycroft,Mussen,nmussen7l@privacy.gov.au,08/03/2000,ALIJ606277AWRROCA1
275,Freddi,Korb,Hinstridge,fhinstridge7m@cargocollective.com,08/11/2005,NBWV038514TZWFARN6
276,Laurent,Farrens,Troyes,ltroyes7n@usnews.com,11/22/1965,GIQW806147AIEDADD3
277,Ann,Alexsandrov,Pinkett,apinkett7o@berkeley.edu,02/17/2005,XYZF466083YCECNJV3
278,Hayward,Crasswell,Hedde,hhedde7p@devhub.com,04/20/1972,UKFH085767ZALWYPR8
279,Robbie,Ickeringill,Viggers,rviggers7q@theglobeandmail.com,11/08/1990,OQNY444277OSAQWCY2
280,Axe,Fice,Tench,atench7r@blog.com,06/16/1951,WJXH376766WORVDKF6
281,Nero,Batt,Stenet,nstenet7s@forbes.com,08/24/2019,QTAM393418IGYXDVU1
282,Doy,Matyasik,Schurig,dschurig7t@yellowbook.com,10/31/1953,GNXU987056YXQYQDW0
283,Perice,Iddens,Walentynowicz,pwalentynowicz7u@youku.com,12/27/1930,SQRP942118RWPZFRJ1
284,Daniella,Anelay,Fallawe,dfallawe7v@nytimes.com,06/20/1993,VSAQ353090JIZUAEE3
285,Rhetta,Verdun,Coffelt,rcoffelt7w@businessweek.com,12/15/1935,IMII003678QGDSIZR0
286,Filberte,Mole,Swetland,fswetland7x@quantcast.com,02/22/1990,CKGI212358TWLFCLZ5
287,Filippo,O'Shevlan,Rosenblath,frosenblath7y@ebay.com,08/25/1984,ZCIR532155JCFPKJD4
288,Muffin,Brogini,Vouls,mvouls7z@yahoo.co.jp,12/29/1944,OQEE197360MGNLQDQ6
289,Skipper,McGillreich,Kelso,skelso80@miibeian.gov.cn,08/20/1939,RYSK249029JMBRMXR9
290,Elga,Kleinsmuntz,Skiggs,eskiggs81@uiuc.edu,10/06/1986,DMZC909405UVSGMZI6
291,Grier,Friedenbach,Woollard,gwoollard82@archive.org,12/28/1979,BZZE032475BKOXIJC5
292,Meris,Hedger,Skynner,mskynner83@jigsy.com,09/21/1952,DHKW511612PWXQDHV3
293,Audry,Holyard,Dyble,adyble84@etsy.com,05/16/1989,QVRW044920TARNGIP5
294,Devonne,Hext,Bree,dbree85@economist.com,12/18/1998,XPKP760784QCTDQLZ2
295,Adina,Coady,Sharpley,asharpley86@yolasite.com,12/02/1993,KCSR343131GBWPAJX7
296,Kimball,Sheal,Pittwood,kpittwood87@edublogs.org,02/01/1940,YYFV974605CUNYHVE5
297,Magdalena,Pycock,Argontt,margontt88@chronoengine.com,09/02/2011,AZWJ735813ZSKDGIA0
298,Joline,Farlamb,Sapsforde,jsapsforde89@nydailynews.com,08/25/1999,VWQN723057JFRXCFL2
299,Philipa,Proven,Spear,pspear8a@quantcast.com,11/26/2015,RMPQ100915EHREUBI7
300,Paloma,Ceeley,Gilchrist,pgilchrist8b@photobucket.com,08/01/1931,BPVR160062HUBCICP3
301,Richard,Minchinden,Rubinovitsch,rrubinovitsch8c@globo.com,02/05/1933,YVXH103378HHBTQLX4
302,Pollyanna,Pittaway,Darrington,pdarrington8d@jugem.jp,02/20/1977,VWDV974453GJVPNWD5
303,Reginald,Wagstaffe,Taleworth,rtaleworth8e@webs.com,02/04/2000,FIGY376311BUMONEV2
304,Micheil,Cranidge,Weatherhead,mweatherhead8f@cpanel.net,02/03/1984,YWKC072827WFQXPZH2
305,Sarah,Feye,Flanner,sflanner8g@java.com,03/02/1960,RUPU431473LJPDHFY5
306,Luca,Alenov,Solan,lsolan8h@infoseek.co.jp,09/20/2017,RHJS347461MJYBKJC6
307,Terra,Escot,Binley,tbinley8i@360.cn,02/26/1943,EEMI990318WCZGTQP9
308,Sigismund,Westphalen,Skirvane,sskirvane8j@usatoday.com,08/02/1938,TKJD130373KANVOZV0
309,Winnie,Nutton,Hambling,whambling8k@t.co,10/12/1981,YPKS802401TFBJPOA4
310,Linet,Polle,Cabrer,lcabrer8l@canalblog.com,07/19/1999,UJHM183625FKXDUDQ5
311,Laurie,Shrubshall,Challenor,lchallenor8m@deliciousdays.com,01/29/1924,TRHL145327WEUGLFV4
312,Jeri,Elcome,Reignard,jreignard8n@slideshare.net,09/30/1938,MWCC694966VPJKMTY9
313,Ruthanne,Markel,Hefner,rhefner8o@ucla.edu,03/02/1973,DOCB890658ZWUFTAN4
314,Dougy,Blyth,Spinas,dspinas8p@aboutads.info,08/24/1962,QKCD261976HAPLIYM0
315,Mavra,Kembrey,Ibeson,mibeson8q@deviantart.com,07/01/1934,JFNZ585005BYIOYUS7
316,Kellen,Greave,Whorf,kwhorf8r@livejournal.com,11/20/1965,LXNG916184LKFMKMQ9
317,Reinold,Toplis,Starkie,rstarkie8s@cyberchimps.com,09/23/2014,EQJE095755VZEZFMO3
318,Maurice,Blackmoor,Skace,mskace8t@nih.gov,08/14/2000,CJLW597094WRTJXFQ7
319,Sheilakathryn,Tweddle,Brewers,sbrewers8u@yahoo.com,10/28/1936,SQGS229447YEGWLAE7
320,Obie,Widdowfield,Scotland,oscotland8v@marriott.com,05/18/2004,DWJL389021MWRUOPN8
321,Quinton,Tiddy,Basillon,qbasillon8w@prlog.org,09/20/1921,AEFJ866942FYZYCEQ3
322,Thaddus,McLaggan,Woosnam,twoosnam8x@dmoz.org,11/08/1977,HJCP008749TSPDTRL1
323,Ginger,Habeshaw,Balthasar,gbalthasar8y@angelfire.com,11/19/1939,TIJO006563AWUHSQX4
324,Pieter,Scholler,Keener,pkeener8z@redcross.org,06/17/2005,QCSB239072OXNWEWR3
325,Morena,Kroger,Parrot,mparrot90@addtoany.com,04/28/1937,MMKW804962WCOZHQY8
326,Jsandye,Tomaello,Trench,jtrench91@chicagotribune.com,04/15/1984,IOHG008976LGETMHN1
327,Mathew,Fritzer,Kayes,mkayes92@51.la,01/01/1929,EYUH476137DRYZKVE3
328,Anette,Jennaway,Attwoull,aattwoull93@ucla.edu,12/21/2016,PTQR011552LZIBATU3
329,Augy,Abrahmson,Crucitti,acrucitti94@e-recht24.de,06/05/2016,YMKS224838DYREEWM4
330,Raffaello,Dorricott,Saker,rsaker95@whitehouse.gov,04/23/2008,POYB559748GMPTAQL4
331,Golda,Vasentsov,Kershaw,gkershaw96@google.nl,06/20/1952,MOLI732483DCPGIYW0
332,Haley,McPartlin,Tejero,htejero97@smugmug.com,05/25/2021,MARW191620FQKHNVT4
333,Cybill,Satford,Nafzger,cnafzger98@ox.ac.uk,12/13/1996,NBIW949272OLZYVAQ5
334,Fanni,Webermann,Cubbini,fcubbini99@oracle.com,08/02/1988,LRTC273425OKWUUWU9
335,Maxine,Littlejohns,McCallister,mmccallister9a@comcast.net,08/30/1925,UTKO530982HFZTKZL7
336,Randee,Hanalan,Balwin,rbalwin9b@cbslocal.com,06/04/1930,DULZ281943EIEWKGQ7
337,Kissie,Dartan,Pidgen,kpidgen9c@seattletimes.com,12/07/1986,OFKI042130SGABQIY7
338,Corey,Kilgallen,Nel,cnel9d@google.com,11/16/2000,VLJT162389ZHLOZFR5
339,Emalia,Crampsy,Blevin,eblevin9e@google.com.hk,10/30/1959,WEGJ639944RWRYUMI8
340,Amaleta,Mahy,Chasteney,achasteney9f@ning.com,05/24/2000,JJSI081462IXRPESR1
341,Gunner,Firsby,Sayes,gsayes9g@imageshack.us,09/29/1971,PWFT896038WVGQUJO9
342,Carma,Reams,Brunesco,cbrunesco9h@facebook.com,03/08/2000,REHY608476ABOCZDT1
343,Lawton,Rockall,O'Lochan,lolochan9i@blinklist.com,11/02/1960,VFVY699043XBWPHTI1
344,Farrel,Skade,Fettes,ffettes9j@cdbaby.com,11/26/1935,ZWZB413051LLOSKRP8
345,Odo,Cristofolo,Siverns,osiverns9k@comcast.net,04/19/1941,QFGO292277PWCSIUP0
346,Gwyneth,Coil,Mousley,gmousley9l@ocn.ne.jp,05/09/2009,PSYA571804GSADZNU0
347,Daune,Dimblebee,Gyer,dgyer9m@cisco.com,09/20/1940,RJHP208024FLSOERV0
348,Mommy,Bicker,Greader,mgreader9n@va.gov,02/13/1933,PFER451635XQVMEXZ9
349,Bale,Jochanany,Nansom,bnansom9o@cdbaby.com,10/28/1934,ADWX156293ZVRTTNZ9
350,Sidnee,Rainger,Faustian,sfaustian9p@craigslist.org,03/25/1952,DYMS638975GVKHABZ3
351,Sianna,Kulis,Joscelyne,sjoscelyne9q@blogs.com,07/05/1956,PNSF266075SPELTTL3
352,Brandais,Blaschke,Cornilleau,bcornilleau9r@indiatimes.com,06/15/1992,YMEY628703SLZZODJ0
353,Mireille,Wooles,Perazzo,mperazzo9s@go.com,02/05/1950,RAIW281168PTIGAAE1
354,Sharlene,Skirrow,Tindle,stindle9t@wufoo.com,07/16/1935,QXTQ758262OMPNPJV0
355,Anatole,Solman,World,aworld9u@list-manage.com,05/24/1924,JING986910RCUXDPQ3
356,Ciel,Hartnup,Huband,chuband9v@yelp.com,05/09/2009,TKEH546942QRWPWRJ5
357,Clotilda,Deschlein,Ansett,cansett9w@cdc.gov,07/20/2010,RCDQ993270RPAKJMY6
358,Glynda,Steadman,McCahey,gmccahey9x@about.me,07/06/1996,JCYJ145901AFIHYKK6
359,Briggs,Webley,McIlveen,bmcilveen9y@clickbank.net,04/05/2021,XDRW979547RPIZGWC8
360,Bari,Yoslowitz,Nowell,bnowell9z@nifty.com,01/17/1921,FYAJ894727VTSOEKV8
361,Reece,Hollows,Heinsh,rheinsha0@youku.com,10/07/2011,MIJW036848MZQKWRE3
362,Sherrie,Scoffham,Chisholm,schisholma1@google.de,10/08/2012,DBCC217181LOKRTXO1
363,Adelaida,Alejo,Saipy,asaipya2@reference.com,03/24/1971,IYRP784967SBBWXAB6
364,Bert,Demchen,Gouldsmith,bgouldsmitha3@163.com,01/29/1988,AWIT088806ZCDFVPG1
365,Cello,Engelbrecht,Verrills,cverrillsa4@domainmarket.com,05/07/2005,IWJH734844GULVRFZ8
366,Simmonds,Cawley,Wardhough,swardhougha5@census.gov,08/15/1949,FTLG396458YEMBVDE8
367,Nataline,MacIntosh,Coxen,ncoxena6@umich.edu,05/21/1978,NGCV487319LGKMFPP0
368,Felizio,Gravett,Czadla,fczadlaa7@google.com.au,11/20/2006,GWAP693372CFDCADG2
369,Somerset,Smolan,Martijn,smartijna8@ehow.com,03/20/1934,ONEG907816SXPVLGE9
370,Artie,Spencock,Ringrose,aringrosea9@mlb.com,04/02/1983,WUZJ103723ZSJAWUZ9
371,Alva,Hartnup,Besemer,abesemeraa@nytimes.com,02/12/1947,NHBZ287473EPDLVFX4
372,Debi,Baggott,Benettelli,dbenettelliab@cnet.com,08/26/1930,KGNG159723XHJKNEC1
373,Blane,Laurenty,Skittreal,bskittrealac@lycos.com,09/27/1965,NLEX539022RJJIFTX3
374,Larisa,Khalid,MacKinnon,lmackinnonad@soundcloud.com,01/25/1973,BDWO587644VGVCROK4
375,Merrilee,Marron,Broxap,mbroxapae@bloglines.com,04/20/1928,ZFVJ325268JNQECRZ7
376,Dorise,Cockerill,Lamberton,dlambertonaf@ask.com,07/31/1967,ZKEQ784512QMKAOTH6
377,Teodorico,Lambertazzi,Sanderson,tsandersonag@adobe.com,12/15/1942,TRSX652182BVACDTV0
378,Stanwood,Macer,Biddy,sbiddyah@biglobe.ne.jp,01/05/1942,GCKU004357FIBNDTF8
379,Dinny,Varlow,Broadey,dbroadeyai@chronoengine.com,01/23/1925,CURP573705IDRKLKZ9
380,Ruddy,Loader,Attwoull,rattwoullaj@wiley.com,11/23/1956,ZVWO529849HMFSOLU4
381,Valentine,Hubane,Poupard,vpoupardak@apple.com,05/30/1938,KWQS454332DWTBQRT8
382,Susie,Willatts,Kaindl,skaindlal@nyu.edu,09/23/1980,SSJX198467WXJTEMW5
383,Cal,Ellacombe,Sperwell,csperwellam@blog.com,12/15/2013,QPOR529087GSDMQHF9
384,Ruthann,Elleton,Bettam,rbettaman@fda.gov,08/10/1981,XXLV397634EXBBOZG6
385,Hedvig,Aleksidze,Hardistry,hhardistryao@freewebs.com,01/02/1937,YTUS596233CQNWKKR8
386,Eloise,Richardeau,Stoite,estoiteap@webnode.com,04/20/1937,NELI926310JGSBPNB1
387,Klarrisa,Rainford,Huntington,khuntingtonaq@bigcartel.com,08/15/1921,LEWH621986YCZSWLO2
388,Melosa,Kynd,Spencock,mspencockar@senate.gov,04/19/1944,JIUC446352NWOIOBJ2
389,Bili,Kitchin,Fairman,bfairmanas@fema.gov,11/22/2005,QTXA679757QFYXWVP9
390,Jolynn,Gall,Dike,jdikeat@baidu.com,06/27/1920,MWBA917581FDPHHFZ1
391,Thorsten,Thickett,Abatelli,tabatelliau@npr.org,06/17/1953,TSIN437488AVWQAHP7
392,Ashlan,Maltman,Braid,abraidav@sun.com,08/29/1937,LTHJ903940PLGXVZR9
393,Johannes,Beddon,Rilings,jrilingsaw@alibaba.com,10/07/1972,EGXR602274ZKFRNXW0
394,Elyse,Mc Cahey,Fri,efriax@boston.com,11/08/1942,XLZD423013RDWUCMH5
395,Rosco,Jorger,Port,rportay@quantcast.com,07/08/1926,ZCEJ108723GCXEFYI8
396,Cordie,Grinley,Cussins,ccussinsaz@i2i.jp,09/11/1937,FHJO288669EZSVQKP8
397,Flossi,Kellet,Botting,fbottingb0@columbia.edu,12/10/1929,BLKC662985CJXVXDT7
398,Cathyleen,Faraker,Asals,casalsb1@youtu.be,10/23/1937,QUAV899338VNAHYQP0
399,Jacenta,Foli,Ianno,jiannob2@pinterest.com,04/30/2009,CJWO410525PWLPNOF1
400,Riccardo,Waddell,Ruddle,rruddleb3@nymag.com,08/28/1976,YHXV284542OSYDHYE1
401,Jaymie,Alwen,Massimo,jmassimob4@jalbum.net,09/30/1956,UYAD898340NQIKFQE7
402,Pascal,Chellam,Chamberlayne,pchamberlayneb5@wikipedia.org,04/11/1980,YKNT737723XGGAPQM1
403,Artie,Scorah,Pleace,apleaceb6@indiegogo.com,03/14/1966,SCJV298197IOFVMLF0
404,Tedra,Ruffles,Garmans,tgarmansb7@histats.com,05/05/1960,SMOJ071388ZNHUADQ2
405,Karolina,Crayker,Marmyon,kmarmyonb8@epa.gov,05/21/2003,MAMC873455IWUCDOF3
406,Torrence,Dicke,Carbett,tcarbettb9@microsoft.com,06/12/1971,EMAT012536SCWYHCP4
407,Adriaens,Hallgate,Treleven,atrelevenba@aol.com,04/07/1930,ZYPO748000IDBFXLV6
408,Stearn,Masdin,Skrine,sskrinebb@timesonline.co.uk,06/08/2006,CMLW144308HSDJQJL3
409,Jolyn,Silcox,Sondland,jsondlandbc@adobe.com,01/25/2013,NINU007589POVVELI7
410,Koenraad,Roscher,Diemer,kdiemerbd@google.com.hk,10/17/1955,TZOH156082GEWALJB7
411,Twyla,Taplin,Abrahamovitz,tabrahamovitzbe@shutterfly.com,08/21/2020,GFCO101643UNDKPXP4
412,Marysa,Ruckert,Davidovitch,mdavidovitchbf@plala.or.jp,06/14/1923,NEMI390822GIHLFAZ1
413,Carmela,Runciman,Gossipin,cgossipinbg@bloglines.com,08/15/1993,DRDL144252YBSYNMG4
414,Chip,Boumphrey,Garrod,cgarrodbh@photobucket.com,09/11/2017,LIEW043742PNQRQSX4
415,Herbie,Lebang,Insall,hinsallbi@lycos.com,10/30/1921,JARU458547BMQTVRC2
416,Egon,Dranfield,Ruse,erusebj@nature.com,10/24/1942,GWKY683195MCGZABN1
417,Janos,Bowmen,Comberbach,jcomberbachbk@paypal.com,07/26/1934,QDYB396799KFRXHFS4
418,Giacomo,Clarkin,Adnam,gadnambl@paypal.com,02/18/1921,VKHG671334DSANZUW5
419,Helaina,Rickesies,Caslane,hcaslanebm@lulu.com,10/03/2021,SFCF786817QLYJFNP3
420,Hendrick,Deboick,McCoy,hmccoybn@canalblog.com,04/20/2018,CGMY821141NXMPAVV4
421,Giulietta,Buttwell,Meeks,gmeeksbo@bloglines.com,07/11/1948,OXHD174041QQAUCBC6
422,Cordelia,MacBain,Bance,cbancebp@angelfire.com,02/26/1962,FZWN763799RARKNTN1
423,Ardelle,Goodlatt,Janus,ajanusbq@altervista.org,05/06/1992,SENJ434606FIRGCLR7
424,Marie,Chesworth,Presho,mpreshobr@histats.com,11/26/1981,VUFV687763BYXOHNQ9
425,Earlie,Boman,Rawls,erawlsbs@ftc.gov,06/27/2007,PQKL026701TFDYVIU9
426,Zorana,Aronowicz,Kirimaa,zkirimaabt@ustream.tv,07/27/1986,KCVP924257SSMHUKC1
427,Damita,Le Surf,Barajaz,dbarajazbu@ebay.com,02/04/1931,AWBD079228QOKVKYI1
428,Katine,Giveen,Loosley,kloosleybv@tripadvisor.com,05/26/1935,KJJZ636640QNDNJMA9
429,Tanhya,Zuanazzi,Spiaggia,tspiaggiabw@1und1.de,12/27/2010,IMTJ690123VFCZSUH1
430,Tessy,Calender,Woodcraft,twoodcraftbx@arizona.edu,01/17/2019,WCUK250299HJZEOFZ3
431,Sol,Colquitt,Ferron,sferronby@blogger.com,05/01/1954,YGJN669471XZIVMCV0
432,Ava,Cloute,Meechan,ameechanbz@pen.io,09/01/1951,DHFG437002RQCSPMV8
433,Ramsey,Aslet,Blodgett,rblodgettc0@ovh.net,02/19/1995,UPNZ412586PPUEUZH3
434,Ediva,Smails,Stellino,estellinoc1@cocolog-nifty.com,10/29/2002,FYDC825595SKHEQJD8
435,Hanson,Byatt,Slograve,hslogravec2@deliciousdays.com,08/14/1962,MUOK980230OJIEPNX4
436,Britteny,Calken,Meake,bmeakec3@eepurl.com,09/24/1971,IMNO680032WBFPNPX3
437,Marice,Genthner,Hadden,mhaddenc4@exblog.jp,07/26/2015,CJMX465493ITIQXDC9
438,Felicia,Cuningham,Bradnam,fbradnamc5@usa.gov,04/26/1995,HQCC732315TKFBPDL9
439,Demeter,Yarmouth,Sarre,dsarrec6@icq.com,08/26/1927,CAZY862257CHHBODZ8
440,Jacquenette,Chitter,Twitching,jtwitchingc7@hud.gov,09/18/1999,ZONE018234BAYFHHA7
441,Melicent,Mickleburgh,Ferryn,mferrync8@constantcontact.com,10/29/1989,JYBO599931ONAQXWW7
442,Bentley,Hancell,Camplin,bcamplinc9@live.com,07/08/1932,ZFXV890018NNVOZRH3
443,Danette,McCrow,Fegan,dfeganca@cmu.edu,07/14/2013,HLQM639381EYALORC7
444,Darlene,Jennaway,Alejandre,dalejandrecb@soup.io,12/17/1965,CWIX046732LILCYWJ3
445,Anet,Ely,Fairlam,afairlamcc@sciencedaily.com,10/20/2005,JKDJ984725ADJWZBO6
446,Alanson,Nolli,Zaniolini,azaniolinicd@simplemachines.org,09/30/1987,ZDGU220187HGUARXT7
447,Dinnie,Holt,Clayden,dclaydence@mashable.com,11/03/1943,EWUR503039JFCJKPT6
448,Elvina,Fenney,Jerrams,ejerramscf@skype.com,06/15/1965,VALT402796WGRCQYD0
449,Owen,MacLese,Kenward,okenwardcg@issuu.com,05/25/1996,RUDX271100ZQHQUMO0
450,Shandra,Josephs,Startin,sstartinch@apple.com,05/10/1947,FFTZ286083YQFURJE0
451,Jania,Gibbonson,Birwhistle,jbirwhistleci@myspace.com,04/07/2012,ZAUL156218TCTMDRI0
452,Edin,Heinel,Whiteman,ewhitemancj@nymag.com,11/30/1929,NCFJ532954XONPUIT9
453,Alard,Carah,Symington,asymingtonck@wordpress.com,08/14/1994,AOUG037980YJOZHEC1
454,Sherwin,Alenikov,Gianullo,sgianullocl@nhs.uk,05/01/2011,QSYK159890KRMKBGM9
455,Ashleigh,Veschambre,Watman,awatmancm@xrea.com,04/07/1928,KXNL911356ULESOMM3
456,Clare,Ashmore,Mapledorum,cmapledorumcn@marketwatch.com,12/04/1942,XFLA468548QDUIQPQ1
457,Moina,Fulstow,Menico,mmenicoco@cnbc.com,08/12/1977,AMNE378865HZTAMVD6
458,Tobe,Dobel,Aitchison,taitchisoncp@usgs.gov,11/13/1980,DFXY596977XTQVIML9
459,Allison,Elwill,Shoosmith,ashoosmithcq@php.net,05/28/1944,ABTD199796LKKLKKR7
460,Reena,Zanni,Grumble,rgrumblecr@time.com,05/31/1962,SBWK191545FDWNMYZ0
461,Allsun,Mockford,Fawdery,afawderycs@domainmarket.com,03/29/1977,SJNH482842IVJMFFJ0
462,Mallissa,Woollam,Kruschov,mkruschovct@wikipedia.org,09/02/1989,XJJI189582QMCVGAQ2
463,Pascal,Ogglebie,Arnecke,parneckecu@tinyurl.com,01/01/1963,TFGZ224056UUYMAOU1
464,Scott,Dodman,Monkleigh,smonkleighcv@goo.gl,04/27/1931,QXJY142612SKQNPDP7
465,Meggy,Ledeker,Bluck,mbluckcw@discovery.com,07/22/1982,LTMQ789149NKLVUUI2
466,Sim,Fessier,Kleiser,skleisercx@squidoo.com,06/20/2011,UYRV820798VDWXYGJ9
467,Major,Karchowski,Pedden,mpeddency@ft.com,05/14/2006,OXSW798679KEBUCGS0
468,Blake,Pattingson,Brosini,bbrosinicz@wikipedia.org,06/21/1974,UDAE972098ULGSOZW8
469,Ulla,Gladdish,Phillpot,uphillpotd0@biglobe.ne.jp,05/22/1999,XNBM324503GHRXITJ8
470,Farrah,Vedekhin,Reyson,freysond1@hibu.com,05/09/2006,RNBQ694285NKCHOVU0
471,Davita,Jantel,Quince,dquinced2@bloomberg.com,03/18/1969,ZPSQ383973HEETLXT6
472,Aile,Brushneen,Batterbee,abatterbeed3@earthlink.net,04/11/2015,COKH922508CAHALPX6
473,Jimmy,Kemetz,Hadye,jhadyed4@nifty.com,08/24/1963,TGPV954539KVALUCN0
474,Alair,Cruttenden,Walby,awalbyd5@soundcloud.com,11/25/1958,YIUF279938PWBSOIC8
475,Steve,Obern,Woollends,swoollendsd6@biglobe.ne.jp,11/18/1974,YTRN970163KVRQSRO9
476,Tamqrah,Laterza,Sennett,tsennettd7@npr.org,04/10/1921,QQCY496270ANGFHUB8
477,Neala,Sandey,Janata,njanatad8@nationalgeographic.com,02/26/1982,QYBG999858WTXXXVZ4
478,Gorden,Wake,Briscow,gbriscowd9@naver.com,05/17/1920,UBLB141044PMCVUTO1
479,Correna,Gwilt,Gauson,cgausonda@independent.co.uk,02/29/1988,MVNK310331QMOEBIF9
480,Jeremie,Mably,Took,jtookdb@soundcloud.com,07/03/1993,WCKD691423IPRFDTH0
481,Ranna,Kleinpeltz,Conkie,rconkiedc@woothemes.com,04/15/1940,XIJK993929JHMCJBO2
482,Brittani,Pearn,Cavan,bcavandd@nifty.com,02/16/1934,KJMQ941049TTDATPW5
483,Kaylil,Sharpous,O'Sheilds,kosheildsde@surveymonkey.com,01/02/1971,YCJH972172WRKVSUY8
484,Joey,Mackieson,Rumin,jrumindf@ameblo.jp,08/14/1986,FXVB640987JIOFQPG2
485,Windham,Gentric,Tregunnah,wtregunnahdg@surveymonkey.com,09/16/1980,UALV586298AVJPFVN5
486,Kerwinn,Fennessy,Cove,kcovedh@toplist.cz,02/13/2004,LGWZ018435ZFIQMNU4
487,Catlaina,Klimaszewski,Gave,cgavedi@samsung.com,11/14/1929,RKLJ784531RLBXVPL1
488,Kenon,Bortoloni,Hendin,khendindj@dropbox.com,01/10/1930,FPJF197858IJRIUDY0
489,Rhett,Moakes,Bafford,rbafforddk@odnoklassniki.ru,09/23/1955,KPFB016732MHOWUBG0
490,Shina,Capron,Jime,sjimedl@gravatar.com,06/25/2021,ASMD301239FFNEKKT0
491,Christiane,Edgerley,Theriot,ctheriotdm@npr.org,02/15/2007,GARK924124DLHKLIB2
492,Andras,Challen,Cleminson,acleminsondn@rambler.ru,06/20/2018,LZLK950191ZLPLEDM3
493,Ettie,Ramey,Creber,ecreberdo@cdc.gov,12/30/1960,ZZPU300175QOJZCQE4
494,Lavinia,Duffin,Di Claudio,ldiclaudiodp@pagesperso-orange.fr,08/16/2019,PVCO172448AWMJSWB5
495,Charleen,Renoden,Bramont,cbramontdq@zimbio.com,12/14/1933,GBVQ558959BNIFBWA2
496,Allie,Curphey,Kaley,akaleydr@flickr.com,12/28/1959,JIPU286117OAALHWD6
497,Verile,Tebbut,O'Kerin,vokerinds@nyu.edu,03/23/1924,SEPI993373DHNIDQL7
498,Clem,Dearman,Westberg,cwestbergdt@lycos.com,08/18/1929,DTBY475464WSAEGUL5
499,Heinrik,Brotherheed,Josilowski,hjosilowskidu@theguardian.com,09/19/1948,ZVOJ919850WTAWEYQ7
500,Rolando,Burles,Brunone,rbrunonedv@desdev.cn,09/03/1993,DQCJ235189STGUQDX5
501,West,Worsnup,Ofen,wofendw@bloglovin.com,02/06/1950,RPYA067246TLESKQA5
502,Babbette,Celez,Zotto,bzottodx@wordpress.com,09/24/1934,JFMF962337EDEYIHS9
503,Flossi,Bernardotti,Albert,falbertdy@time.com,01/19/1973,NEUA565310IHXGXOK0
504,Dannie,Essam,Lodovichi,dlodovichidz@about.me,09/22/2019,SXAD892244GFUGQRQ0
505,Rochelle,Dennidge,Burgiss,rburgisse0@typepad.com,03/21/1957,DKFZ554091HSLEJON0
506,Gertie,Jedrzejczak,Lodder,gloddere1@hud.gov,05/30/1996,SDIX715950RSXNPWS6
507,Johan,Storrar,Mor,jmore2@arstechnica.com,12/04/1951,GGYI098284FMDZQZT8
508,Addie,Zukerman,Seide,aseidee3@ezinearticles.com,11/25/1927,YLUM229852MPCFZCZ0
509,Anallise,Melrose,Golagley,agolagleye4@wiley.com,03/15/1949,LONY807290QPDXTRT0
510,Donni,Dengate,Blaase,dblaasee5@addtoany.com,02/27/1956,UZYN400106WAHATXB8
511,Lindsy,Vogeller,Pakeman,lpakemane6@tripod.com,05/12/1987,VVOZ118891LUXYQZC5
512,Emmerich,Pacey,Huffy,ehuffye7@rediff.com,12/22/1942,NCKC135527WOVZKRD7
513,Anjanette,Dovermann,Baike,abaikee8@taobao.com,08/29/2007,EENA385596AOZLLFA0
514,Conchita,Dutteridge,Hubback,chubbacke9@eventbrite.com,11/10/2004,VGSU018816RGUXVMH6
515,Killian,Courtliff,Goldman,kgoldmanea@reference.com,11/15/1981,BPRH086506BOFGNNK7
516,Verge,Bloxsum,Concklin,vconcklineb@sciencedaily.com,12/27/1957,PIMM085313JEUOPBJ3
517,Mattias,Sleeman,Smouten,msmoutenec@ucla.edu,09/27/2015,XNPB383462KWYQNWN6
518,Noel,Ickov,Dongate,ndongateed@dell.com,08/06/1980,IMJK621331XKJCVJO2
519,Willy,Coleford,Dows,wdowsee@edublogs.org,03/24/2020,FZML813195HWMNENS5
520,Kale,Ayer,Lopes,klopesef@photobucket.com,07/03/1990,CADF815365OSGJRIB3
521,Lorri,Franceschelli,Echelle,lechelleeg@marketwatch.com,09/26/1929,NSIZ390016UANRWUM4
522,Dorelle,Callendar,MacNeely,dmacneelyeh@usa.gov,04/17/1950,WSIL532141PZCFCKV1
523,Alvie,Siddaley,Burnell,aburnellei@cbslocal.com,04/01/1968,MSPC357826RLAMTMW9
524,Karee,Grayland,Curnick,kcurnickej@globo.com,03/02/1933,IXEK802499CXDPBMO9
525,Mahala,Laurens,Vuitton,mvuittonek@google.es,03/31/2003,BOON280117HZTSXGJ6
526,Caspar,Drescher,Lawther,clawtherel@a8.net,06/11/2005,UPJD260542UATZBFU7
527,Bertie,Thrift,Kilkenny,bkilkennyem@forbes.com,10/06/1932,UUUP284433AOAVODZ0
528,Eadmund,Gimbart,Brandham,ebrandhamen@nbcnews.com,05/25/1996,WCGB860442YCHQXXX6
529,Fran,Chapelhow,Hutchings,fhutchingseo@statcounter.com,12/17/1930,LOQY272415ZRJLJHI6
530,Tania,Trees,Godsafe,tgodsafeep@businessinsider.com,05/20/1975,YYCK639211RQIYBXF8
531,Libby,Leatham,Babbidge,lbabbidgeeq@businessweek.com,04/28/1954,CFAH447948IDKNQGX9
532,Sheila,Collacombe,Curtoys,scurtoyser@miitbeian.gov.cn,11/28/2021,OHSF430256AAZAPCO5
533,Merrile,Bridgeman,Dyball,mdyballes@odnoklassniki.ru,07/03/1965,NUEK268318LIQPHYS9
534,Marlin,Bevar,Iacopo,miacopoet@constantcontact.com,02/20/1951,VMHL739576KCLZENS8
535,Anne,Farlham,Kornousek,akornousekeu@theguardian.com,11/03/2002,PIMC474423LLTQGDC0
536,Welsh,Syrie,Moehle,wmoehleev@ovh.net,08/19/1934,LFRI240082VZWZOMV8
537,Rowen,Aikett,La Croce,rlacroceew@simplemachines.org,05/03/1932,IMEY685119UVUXIDB5
538,Dwain,Imlacke,Livoir,dlivoirex@businessweek.com,02/17/1926,RXJC177254FUOZQQL7
539,Hew,Phorsby,Eginton,hegintoney@google.cn,12/06/1987,XBCP950029SJXTFMQ2
540,Abelard,Jefferys,MacKenney,amackenneyez@barnesandnoble.com,12/10/1952,NGPZ365434IQKOBWM8
541,Pedro,Goggey,Aps,papsf0@edublogs.org,12/26/1929,SHXE461012MMNBUSA0
542,Annamaria,Galero,Campey,acampeyf1@google.ca,10/31/1997,FQPV595795TWQKEOK1
543,Wileen,Leeson,Gavahan,wgavahanf2@cloudflare.com,11/24/1934,NLGA787751WFXSNYF7
544,Annalee,Vaughton,Shinner,ashinnerf3@businessinsider.com,08/25/2001,CNYU936847GYHJHDP6
545,Lydon,Croyden,McEntegart,lmcentegartf4@yelp.com,05/08/1974,DHZQ109604WBHINJS0
546,Jacqui,French,Shurlock,jshurlockf5@live.com,10/27/1972,FNGS564148DEUMVNO2
547,Sharron,Kenyam,Stamper,sstamperf6@nydailynews.com,09/20/1995,HQSC892875FYIIRDM0
548,Arlinda,Frenchum,Blaber,ablaberf7@elegantthemes.com,03/11/1956,XGRS442643TDFQNQG6
549,Jarad,Satterly,Vousden,jvousdenf8@nbcnews.com,11/17/1956,YZOI944192LDIOPXN8
550,Theodoric,Gerssam,Froggatt,tfroggattf9@guardian.co.uk,02/13/1925,NTEW634053YDVVZLK0
551,Dorie,Dunbobbin,Tripney,dtripneyfa@state.tx.us,05/19/1992,DJOH402359JBIAGIR2
552,Bernadene,Gatiss,Lambarton,blambartonfb@jigsy.com,11/05/1972,YWFE304040FBMSOBC7
553,Chelsae,Budding,Rozalski,crozalskifc@angelfire.com,01/10/1963,TSVE206170YVEFARK8
554,Bertie,de Voiels,Stanman,bstanmanfd@plala.or.jp,09/14/1992,ZJFA476554AVIFRTB5
555,Lyndsey,Dahlman,Plumstead,lplumsteadfe@google.ca,05/16/2014,AEFJ948939MMJVEWI3
556,Joli,Walbrun,Rosina,jrosinaff@oracle.com,10/25/1965,ZWTC050525IESSSVH0
557,Josh,Halley,Tremain,jtremainfg@posterous.com,11/02/2005,NVVF592318XALIQOU8
558,Jacintha,Iveans,Durkin,jdurkinfh@state.tx.us,07/05/1951,PLYK301438FDRTVZY1
559,Derrek,Rallinshaw,Farlambe,dfarlambefi@deviantart.com,05/31/1973,PGNN169579DKIFIHZ0
560,Misty,McBryde,Bonnet,mbonnetfj@google.pl,10/30/1987,VDHU718741KGZAKCE2
561,Carleton,Crack,Gunby,cgunbyfk@cnn.com,08/31/1944,DBXD843906ZPDQEOH7
562,Kristy,Harryman,Beert,kbeertfl@google.co.jp,10/03/1976,GZWM220818BSALMQN3
563,Tess,Force,Ostler,tostlerfm@china.com.cn,12/26/2021,POZK956269OCUOWIT0
564,Ianthe,Sprey,O'Dougherty,iodoughertyfn@ezinearticles.com,05/28/1957,ODLI009546JEUIDKC3
565,Inessa,Kobierski,Downe,idownefo@huffingtonpost.com,12/19/2011,HUWL283248NAPXRLL3
566,Dorette,Michelotti,Bradshaw,dbradshawfp@amazon.co.jp,09/17/1984,ANTM368044RXQVSBK8
567,Sindee,Zanicchelli,Courtman,scourtmanfq@yale.edu,03/28/1931,BQVM846423OHMEXVJ2
568,Roseanne,Stuckley,Pottiphar,rpottipharfr@flickr.com,02/10/1932,GGMD577413XVWFBOD7
569,Luise,Keig,Hackett,lhackettfs@weebly.com,06/07/1974,LTXT678612MOJJSGP5
570,Arabel,Cuddon,Hammerstone,ahammerstoneft@soundcloud.com,05/13/2017,OLMX855020WFHDRUR5
571,Yevette,Kytley,Nerger,ynergerfu@redcross.org,04/14/1936,ZNFW131278KUZWEOE7
572,Celesta,Lejeune,Matzeitis,cmatzeitisfv@nyu.edu,08/27/1997,XUZG455782SXBNDKG1
573,Meridel,Quaif,Manley,mmanleyfw@dot.gov,04/17/1942,VGMO938869XZFVHOF9
574,Ches,Leverton,Fickling,cficklingfx@weather.com,03/31/1983,HOOW281232EQXKSRD6
575,Kirk,Ivashin,Crookshank,kcrookshankfy@spiegel.de,06/01/1945,RXSW503046XLYWLBY3
576,Moyna,Loffill,Togwell,mtogwellfz@washington.edu,12/17/1963,TNVO401107MTHOWWX8
577,Onfroi,Van den Broek,Redier,oredierg0@linkedin.com,05/18/1984,DYEQ717408PNXXIYM2
578,Damara,Kenneford,Degan,ddegang1@posterous.com,09/29/2001,IRWN929637FSEMMKK7
579,Neille,Marguerite,Sayers,nsayersg2@wsj.com,01/26/1920,RNRQ392958SRNXNZM2
580,Uri,Guillem,Giannassi,ugiannassig3@aboutads.info,01/21/1991,FDZG653937HTWCFGM4
581,Iris,Hinsche,Caulwell,icaulwellg4@go.com,06/08/1988,SMGV982279ZVHWULA2
582,Marijn,Tonkes,Casse,mcasseg5@sun.com,01/18/1991,ICEK643796OLINTQM6
583,Kissiah,Vanezis,Cawthorne,kcawthorneg6@yahoo.com,01/15/1974,SRJI548551COTUSUY4
584,Honor,MacHarg,Mogridge,hmogridgeg7@1688.com,10/31/1998,QBED143486MZDHEJG5
585,Tucker,Manketell,Hunnybun,thunnybung8@vimeo.com,01/25/1971,SIJE754948UTGBNCD2
586,Kara,Crossgrove,Kupke,kkupkeg9@ezinearticles.com,11/22/1956,TDQP932348GGFSVNQ9
587,Bat,Giroldi,MacDaid,bmacdaidga@discovery.com,07/13/1939,OIAH284880CJLOLBT0
588,Milicent,Brandli,Eustis,meustisgb@businessweek.com,03/24/1991,KHQZ660822HUWDEHU5
589,Muffin,Sayle,Fitzgerald,mfitzgeraldgc@boston.com,01/04/1998,IEGO061827LDRGGLH2
590,Kev,Jerrome,Rathbone,krathbonegd@go.com,12/18/1978,PYIR366707GGBROYP5
591,Imogen,Heathfield,Rawlyns,irawlynsge@hatena.ne.jp,02/04/2016,PRXC589138WULFDZS6
592,Xavier,Closs,Crumbleholme,xcrumbleholmegf@constantcontact.com,08/20/1946,VWPP662278CHPJFXX5
593,Magdalene,Borne,Vernau,mvernaugg@linkedin.com,02/27/1958,EMYT356195TTNLTQD1
594,Ashly,Jenton,Meredith,ameredithgh@discuz.net,01/04/2008,AKBS843723OFOBSES9
595,Melosa,Twidle,Coggan,mcoggangi@hhs.gov,05/15/1961,LUMA633799ILXPGOS7
596,Jourdain,Geratt,Deerness,jdeernessgj@sitemeter.com,03/20/2013,HYUP063586MLVMSCW0
597,Jude,Doull,Escoffrey,jescoffreygk@reverbnation.com,10/03/2009,GZGQ562034YIXRKYH4
598,Avril,Croker,Wigfield,awigfieldgl@theglobeandmail.com,07/06/1942,NGTM548997FDRWGFK7
599,Marten,Fetherstan,Avrahamian,mavrahamiangm@meetup.com,06/12/1982,OVOI968751ISLPXDU7
600,Kelsi,Bagniuk,Nutley,knutleygn@sohu.com,01/11/2009,HXMT387845GJZJYXW3
601,Abdel,Hawsby,Cuell,acuellgo@cocolog-nifty.com,10/23/2013,AKTU967597ZHXPDEH9
602,Winifred,Murrum,Mendenhall,wmendenhallgp@typepad.com,11/27/1921,KIWL849814FGCPWAO4
603,Trescha,Stone,Giottoi,tgiottoigq@printfriendly.com,06/07/1993,HGOP139548TYMZQBB9
604,Moira,Corness,Condie,mcondiegr@nba.com,09/09/1984,ELYR779217TWGPXGI8
605,Giffie,Rounce,Palfrie,gpalfriegs@nifty.com,03/10/1995,OYZZ370150WQLRTPC0
606,Karrah,Flitcroft,Bowler,kbowlergt@studiopress.com,10/12/1959,YBKV597289IZVWRGG9
607,Tim,Ivanenko,Ollier,tolliergu@yelp.com,08/01/2002,IIGF847862RVSQTNJ4
608,Case,Mattingley,Scase,cscasegv@livejournal.com,10/08/1995,TFKG846503CWAWCXG6
609,Maudie,Lepere,Darree,mdarreegw@gnu.org,04/05/2003,DSLP207392QXOSDIR7
610,Leon,Mansford,Goodhand,lgoodhandgx@photobucket.com,01/30/1984,WFYT503642LHIFGFQ8
611,Den,Godon,Quelch,dquelchgy@bloglovin.com,09/19/1940,LSQH031039QUVVLPZ4
612,Rosalia,Dulake,Mandrey,rmandreygz@census.gov,01/30/2008,DSCM066807PASZECE9
613,Gannie,Espadate,Burgot,gburgoth0@amazonaws.com,09/14/2016,HTAB386189XBYSWDR5
614,Tadeo,Crosfield,Janse,tjanseh1@xinhuanet.com,01/10/1961,UCRZ536644ZMLHNHY9
615,Mikel,Bausor,Neilly,mneillyh2@marriott.com,12/26/1996,CWLQ744092WGEPNLI5
616,Sada,Ayre,Brackley,sbrackleyh3@squarespace.com,12/28/1941,CARL785271QXPDTPN7
617,Matthaeus,Cowen,Novacek,mnovacekh4@ibm.com,11/20/1981,PNPW060193QPPKAWE7
618,Cordie,Thrustle,Dace,cdaceh5@sitemeter.com,01/14/2003,KLBW283495LRKOPLC0
619,Shela,Duplock,Witcombe,switcombeh6@discuz.net,11/01/1981,HGTB996507AVTQFPC7
620,Izak,Shoute,Wadesworth,iwadesworthh7@amazon.co.jp,11/19/1980,BXQO981433MMNNOZD3
621,Bethanne,Russell,Batchley,bbatchleyh8@biglobe.ne.jp,07/10/1928,RECO548400IVNNTOQ5
622,Darin,Daton,Wrightam,dwrightamh9@drupal.org,03/01/2008,CJMU085256SXGLQNV1
623,Mohandis,Maden,Climie,mclimieha@desdev.cn,01/13/1969,HHIT825381GHLWTVN9
624,Selina,Rendle,Blunderfield,sblunderfieldhb@blogger.com,05/26/2006,PJYT518216XYDYXLD0
625,Aylmer,Danit,Minghetti,aminghettihc@bbb.org,01/25/2001,BFLF623670TPMUFHV0
626,Bertrand,Clayhill,Briatt,bbriatthd@bravesites.com,07/25/1925,KWCO098685WTCVJXY2
627,Latashia,Ticic,Borge,lborgehe@redcross.org,01/31/1995,LZIU327538TNDXMKW7
628,Jewel,Laurentino,Sherborn,jsherbornhf@1und1.de,08/31/1940,GSQM271943BDSMXLW6
629,Vinita,Altham,Brozek,vbrozekhg@hubpages.com,08/29/1928,RWJM082250NMNSUAN7
630,Abigale,Ortet,Farahar,afaraharhh@homestead.com,04/21/1955,YYMF766684IGERAAK3
631,Bess,Arundel,Kits,bkitshi@usda.gov,12/01/1962,SIXC643577MDPSGFD4
632,Juliann,La Rosa,Craddy,jcraddyhj@istockphoto.com,10/17/1958,BBNG260601ENCFXUO2
633,Andreas,Glynn,Theuff,atheuffhk@huffingtonpost.com,02/11/1993,LKZX436160ZIXOFZG9
634,Marlin,Mehew,Lapthorne,mlapthornehl@behance.net,04/18/1927,KEEE963303ABPQEMP1
635,Patten,Dunsmore,Murtell,pmurtellhm@timesonline.co.uk,06/01/1927,VQUR500779OFJKNAA0
636,Floris,Hanmore,Barhem,fbarhemhn@slate.com,10/30/1928,YGCO245780LIDPTEJ5
637,Celinda,Devanney,Belone,cbeloneho@google.com.au,01/04/1921,SBFL576251EHXNRGO2
638,Roddie,Smallpeice,Nys,rnyshp@nifty.com,04/08/2019,QLOD506106FAPAKWW4
639,Ogdon,Piolli,Bernaldo,obernaldohq@github.io,01/29/1974,ZIBY521804UVOABDW6
640,Jdavie,Maymand,Brodeau,jbrodeauhr@nih.gov,02/20/1993,ULMM907438XXMHRRY3
641,Sidney,Seater,Capstick,scapstickhs@ustream.tv,11/19/1947,YSRI222548CTLMWPW0
642,Hadley,Tabert,Ruspine,hruspineht@usatoday.com,01/02/2011,RHRQ923289QOFSICJ6
643,Yancey,Campe,Yoskowitz,yyoskowitzhu@walmart.com,01/04/1993,ZOUE113217XOXEOYE6
644,Eric,Paulin,Beeck,ebeeckhv@howstuffworks.com,07/22/1952,MKHM124756IEEMNHW1
645,Andy,Okenden,Fears,afearshw@princeton.edu,09/16/1957,XQKE557242GRSAXCF3
646,Juliane,Raselles,Vase,jvasehx@slideshare.net,05/29/2014,OHZC716383ZNJKRXB0
647,Stormy,Mowne,Arkil,sarkilhy@geocities.jp,10/30/1959,LBNX038970PORMHXJ7
648,Mirella,Hartnup,Benstead,mbensteadhz@google.ca,12/31/1934,UQGW524572RQMGHPM6
649,Gwenny,Klamp,Precious,gpreciousi0@rambler.ru,01/30/2000,EVWD480187ILLQRYS9
650,Candis,Kemson,Marielle,cmariellei1@earthlink.net,11/01/1962,EVEF080334KFFFLAU2
651,Lindy,Vasyukhichev,Barkaway,lbarkawayi2@kickstarter.com,02/08/1986,IMSC631779OHFVRDY1
652,Lizbeth,Juden,Lassey,llasseyi3@virginia.edu,02/09/1944,HYQQ246213AKFFDAU0
653,Kathi,Woodlands,Lowson,klowsoni4@utexas.edu,04/16/1932,QSJU801435LDKTEFA9
654,Horst,Wreiford,Vergine,hverginei5@irs.gov,11/09/1928,PXNW370124BELXDXM1
655,Myrlene,Lascell,Ommanney,mommanneyi6@spiegel.de,10/27/1974,LMQJ890129EZKKAOT1
656,Shandeigh,Cullabine,Deeming,sdeemingi7@pen.io,05/27/1998,HIPN170422BPIDJBV6
657,Courtney,Hehnke,Bryant,cbryanti8@amazon.com,03/09/1920,SKEA959562RVRHMMI9
658,Charlean,Erley,Scheu,cscheui9@nature.com,02/01/1945,RWZO446844MRKYWUX7
659,Bertram,Lanfear,Wahlberg,bwahlbergia@thetimes.co.uk,04/23/1958,ZPLZ993645IILYAQL3
660,Artemus,Sheldrick,Cahill,acahillib@virginia.edu,02/12/2002,UTAM123335UZQZDYZ2
661,Aimil,Chill,Kirman,akirmanic@instagram.com,09/30/1932,IOHW424935TATQJAT0
662,Al,Glowacz,Audsley,aaudsleyid@sfgate.com,10/08/1972,RAXJ086857LZGJUOS7
663,Nero,Stannislawski,Beville,nbevilleie@home.pl,02/27/1943,FTSK981075NDBUFZH2
664,Tiff,Lidgate,Insall,tinsallif@sitemeter.com,06/04/1970,UEGJ658735PHLZQZX2
665,Granthem,MacCallum,Doohan,gdoohanig@yellowpages.com,04/06/1965,WAPM916646OCZUYQK0
666,Moina,O'Lunny,McPake,mmcpakeih@feedburner.com,04/12/1930,DHKU930613UADUXSD6
667,Germain,Baggarley,Smitton,gsmittonii@usa.gov,11/17/1978,FVHN309719FOSQADO8
668,Cyrille,Farrent,Duesberry,cduesberryij@slashdot.org,07/26/2014,GRPZ557464IFTNEUT6
669,Alyse,Robet,Beinke,abeinkeik@networksolutions.com,01/05/1987,DQKT111236FZCQFOR9
670,Florina,Pickless,Dowle,fdowleil@trellian.com,05/16/1997,IWVN390542IEDTCKI1
671,Goober,Dreamer,Bertomeu,gbertomeuim@indiegogo.com,05/08/1958,GFGR575073CVCTFTH9
672,Lorrie,Cherry,Espinet,lespinetin@msu.edu,05/25/1943,FEPW611542XNBHNCA8
673,Lay,Carleton,Garroch,lgarrochio@accuweather.com,12/30/1989,ITSO038907LXFWFJO0
674,Ginnifer,Dakin,Hardy,ghardyip@vimeo.com,06/09/1964,CCMS208976AAVNWTE0
675,Chere,Bromet,Crop,ccropiq@howstuffworks.com,05/28/1963,RNQQ308567YBOGLVJ3
676,Corrine,Stuart,Hruska,chruskair@discovery.com,04/19/1984,IXTW266827WPANHXP1
677,Dennet,Ziemsen,Bullent,dbullentis@columbia.edu,06/25/2005,JIKB791308NTCWZBK0
678,Jacintha,Stroud,Mottini,jmottiniit@yahoo.com,02/12/1987,RLZF268164JSXAAQD8
679,Brit,Danforth,Heed,bheediu@mediafire.com,04/02/1948,YLPG938906HUGBKIS7
680,Debby,Dryburgh,Saur,dsauriv@hao123.com,01/30/1977,RVSZ828963INUNECP7
681,Tony,Slack,O'Lunny,tolunnyiw@comcast.net,11/07/1984,KUXL434186GIEVMUK1
682,Thurstan,Verling,Card,tcardix@surveymonkey.com,01/06/2005,MLMB200379GNGKGAD5
683,Dredi,Ivens,Hegerty,dhegertyiy@phoca.cz,05/11/1940,YUXK196889TMYVUAM0
684,Elisha,Devas,Fison,efisoniz@yellowbook.com,08/02/1942,YTOB593313AEEFQKP9
685,Ulises,Goade,Danels,udanelsj0@deviantart.com,03/21/1967,SOWA021153UZHGCHN2
686,Cody,Wornham,Reskelly,creskellyj1@deviantart.com,02/24/1949,DNJQ333934BDOBVDR8
687,Antoine,Lorente,Jeandel,ajeandelj2@ftc.gov,06/15/1948,BOYO529843VSYFAGQ5
688,Ramsey,Goldwater,Seide,rseidej3@parallels.com,03/26/1952,DGBC824951ZSHAGDA7
689,Tarra,Hemphrey,Orchart,torchartj4@pcworld.com,11/07/1921,JERU496876SQTKVRU4
690,Bibby,Moreinis,Mathivat,bmathivatj5@qq.com,08/18/1978,UOOU869233EAUUUUB0
691,Lonnard,Perks,Lagadu,llagaduj6@cpanel.net,07/04/1992,WVPE488295AEKIDVQ4
692,Nils,Pindred,Peniello,npenielloj7@is.gd,10/28/1941,ORLZ982595NAPFIQZ1
693,Dael,Brodest,Dyerson,ddyersonj8@google.co.uk,10/01/1937,VKRG549911KXHBLLJ7
694,Haywood,Utterson,Simcock,hsimcockj9@amazon.co.uk,09/16/2016,APRW903920DXMERVY3
695,Garth,Bursnell,Flew,gflewja@constantcontact.com,08/08/1979,SABK993908TQVRMEG5
696,Noemi,Ubee,Skiggs,nskiggsjb@reddit.com,06/10/2019,BFXI394808ARMDJFF9
697,Viva,Klagges,Littlepage,vlittlepagejc@wp.com,10/18/1941,TYEO332461DVVQCEL2
698,Leonid,Bachellier,Broad,lbroadjd@com.com,08/14/1923,EFKW088678XETHYLY1
699,Agneta,But,Walsh,awalshje@vinaora.com,06/30/1924,PDRI060622EFPSSQM3
700,Gay,St Louis,Bernon,gbernonjf@tamu.edu,05/01/1994,XBNT537695AHIADZS4
701,Cordie,Grieswood,Tanton,ctantonjg@technorati.com,11/18/2019,PGMO099951JRXQSLY7
702,Shoshanna,Gellately,Kiefer,skieferjh@tumblr.com,10/25/1993,GUGG861080VSITANQ0
703,Cosimo,Neil,Kennefick,ckennefickji@meetup.com,10/14/1921,QJEY306392FOZKYWO4
704,Ancell,Castilla,Maddie,amaddiejj@weather.com,05/02/2010,VFIH967779OKZUFEJ7
705,Krystalle,McKendo,Lenney,klenneyjk@opera.com,08/20/1975,BRSH651525PLITVYA0
706,Kimbell,Heistermann,Streak,kstreakjl@soup.io,07/16/1940,BIVH441005LXHIWSJ9
707,Corrie,Haruard,Chadburn,cchadburnjm@latimes.com,02/08/1971,RFCR333914OGPWEWV8
708,Gael,Eiler,McGrale,gmcgralejn@illinois.edu,12/27/1994,MNWF948057CTHPYTE8
709,Kacie,Brownbridge,Nenci,knencijo@google.com.hk,06/24/2015,JYUF818221XLTNYQP8
710,Olag,Gadsdon,Vedeneev,ovedeneevjp@networkadvertising.org,07/20/2016,LUCA267496CLNQNQH1
711,Jacquenetta,Scougall,Boother,jbootherjq@netvibes.com,03/04/1961,BNOY259013WLYOLZX2
712,Zitella,Wardingly,Owlner,zowlnerjr@wiley.com,09/08/1927,YFPN606612NXOWMJZ0
713,Glynis,Gaymar,Schneider,gschneiderjs@ovh.net,03/26/2005,TXCD656572XXSDIDN9
714,Rodge,Woodstock,Maudlin,rmaudlinjt@noaa.gov,06/17/1955,JFGQ416077QVYSSOG7
715,Ronalda,Bortolini,Thursfield,rthursfieldju@pagesperso-orange.fr,03/09/1972,APXQ180786PDFHYWB6
716,Ambrose,Philcott,McEttigen,amcettigenjv@t-online.de,05/01/1961,ANUP109903ACHNIWN7
717,Sol,Mosdall,Villaret,svillaretjw@hp.com,10/02/2005,PLPX271075GNRBEHJ2
718,Zea,Cordero,Padden,zpaddenjx@rambler.ru,04/04/1972,RRYQ060230FJLGWXP9
719,Clari,Staveley,Suckling,csucklingjy@ocn.ne.jp,06/18/2005,OBVY835650CDVEINV5
720,Rusty,Toothill,Schruyers,rschruyersjz@weebly.com,08/07/1944,MBJP996313QKRBMFD6
721,Rennie,Heskin,Hellewell,rhellewellk0@over-blog.com,07/07/1922,HEXI835151BFHGQLZ1
722,Alwyn,Edgerley,Yeend,ayeendk1@google.ca,08/12/1921,HMEX901692TCFAYGF3
723,Pepita,Foley,Burrill,pburrillk2@adobe.com,01/25/1924,OZMA597181MLAONZG5
724,Stacy,Monro,Fanshaw,sfanshawk3@theatlantic.com,05/23/1992,INMV076913JTZYUYQ3
725,Gustav,Standen,Marte,gmartek4@clickbank.net,10/28/1940,PAQH921771HBZPBDB0
726,Sybil,Sheirlaw,Grinstead,sgrinsteadk5@51.la,04/13/1968,EPYW409968YQOJAHR7
727,Kendre,Jore,Hannay,khannayk6@hatena.ne.jp,11/05/1993,ZHSN098838QPRJEIB1
728,Evy,Fairlamb,Pieracci,epieraccik7@livejournal.com,02/26/1921,SLRI572599QBFMCLO3
729,Dona,Hursey,Charkham,dcharkhamk8@forbes.com,07/26/2015,WHHT628534NQKYRBA4
730,Jareb,Pagnin,Marvin,jmarvink9@theguardian.com,02/03/1962,WRCN291972RKCMIEJ5
731,Nertie,Heggison,Brownlea,nbrownleaka@ycombinator.com,11/14/1967,ADBG671248ARNFUKX8
732,Herb,Pauls,Walenta,hwalentakb@businesswire.com,08/15/1930,XTCZ606847TNSCOIV9
733,Halimeda,Spykings,Loveredge,hloveredgekc@seesaa.net,01/23/1956,YPWA912999OLSZVKF2
734,Tove,Howle,Jeffcoat,tjeffcoatkd@live.com,04/23/1966,CDZN665599CGKVGUX3
735,Bronson,Sillis,Kendell,bkendellke@usatoday.com,10/12/1930,UINV454880KURVWID8
736,Benjy,Meecher,Battany,bbattanykf@psu.edu,02/15/1943,XSQZ062224ROYGYBZ0
737,Anjela,Casa,Hanaby,ahanabykg@scribd.com,11/27/1958,YKAB939691GCDEGGR9
738,Valerye,Stearn,Ferraron,vferraronkh@un.org,08/19/1921,LSFC976423QYKTSCH1
739,Joshuah,Van Bruggen,Lovemore,jlovemoreki@smh.com.au,09/06/1976,DIPF479414AMMTESM5
740,Giffy,Turton,Hallmark,ghallmarkkj@squarespace.com,01/14/2011,SNNU507712DPPOBPZ1
741,Duncan,Robe,Balshaw,dbalshawkk@usgs.gov,12/11/1971,DCXT591632JXANPFQ0
742,Allie,Wilfinger,Peacey,apeaceykl@bravesites.com,04/22/2006,ZKRI127190LSPTUFL6
743,Margareta,Shippey,Hinemoor,mhinemoorkm@t-online.de,03/02/2009,MSCX070305PHEMYGH1
744,May,Roskam,Buglass,mbuglasskn@msn.com,12/29/2004,PWFF881660CQDFVZT5
745,Jeni,Le Marchand,Rannie,jrannieko@dell.com,11/28/1939,ZOEL285399VOEMQNI0
746,Constantin,Coarser,Rushbrook,crushbrookkp@woothemes.com,09/28/1985,MVQG150952XAKMZCK2
747,Farley,Prosch,Blemings,fblemingskq@cloudflare.com,05/04/2021,QBEZ861899XJDRPLU2
748,Melva,Yanukhin,Birrel,mbirrelkr@cnn.com,01/16/1937,HQCL200759NFQWRNW1
749,Hewitt,Swetmore,Barsby,hbarsbyks@histats.com,01/13/1966,JDHO504888XUGMVJA4
750,Amalee,Ewert,Sheaf,asheafkt@shareasale.com,10/22/2016,BPRN178004KEESWHN6
751,Claudianus,Boole,Priddie,cpriddieku@discuz.net,12/23/1978,LTGN801087DHCYZWL8
752,Kristian,Thebe,McLeese,kmcleesekv@epa.gov,07/25/2013,UHKT514911UUKVGAC4
753,Giacomo,Tumasian,Doag,gdoagkw@51.la,05/16/2011,CCJR729585ITHWYWU3
754,Hirsch,Tappin,Harroway,hharrowaykx@netvibes.com,08/03/1960,RSKL302209EKUVIDN2
755,Peggi,Finder,Fawlks,pfawlksky@163.com,08/04/1943,UWZQ706252YMNQJUN5
756,Veronica,Jacquemot,Cresswell,vcresswellkz@over-blog.com,01/10/2014,KAER904495DZITCSZ3
757,Wake,Swindin,Aldrick,waldrickl0@geocities.jp,05/01/1940,XXTD530192DALHPWF3
758,Kimball,Eisig,Rhodef,krhodefl1@webmd.com,11/24/1956,MQXJ013679BSHCYJM7
759,Ivett,Lafoy,Thowless,ithowlessl2@shop-pro.jp,02/01/1961,IZZN881173CQAVQDA7
760,Gail,Stronach,Lougheid,glougheidl3@trellian.com,05/18/1949,DMCD016278VRWRUYN2
761,Prudy,Able,Rogister,progisterl4@macromedia.com,11/12/1982,LPMB532902NMLDVGN3
762,Maximilien,Whenham,MacKissack,mmackissackl5@bloglovin.com,01/24/1990,REVB870795QSGDQFP2
763,Jacques,Standen,Racher,jracherl6@reference.com,09/06/1965,HIJD218674EHEAKFH3
764,Natassia,Pyffe,Straniero,nstranierol7@msn.com,04/08/1941,RJAV936947FEUIAJZ1
765,Patsy,McIllrick,Carlan,pcarlanl8@mapy.cz,11/17/1933,GNMJ306721UUIQYSZ6
766,Tanney,Guerrero,Hanbidge,thanbidgel9@blogspot.com,12/18/1938,TGKW535738ZTCHPUG0
767,Mal,Figiovanni,Elverston,melverstonla@51.la,05/12/1923,WDGT510120KMHNKXJ7
768,Lammond,Sokell,Niblett,lniblettlb@wikia.com,03/30/1976,TUYA147847ZZLMCPL7
769,Jenifer,Clynmans,De Angelis,jdeangelislc@t.co,07/08/1989,WZFP887700GRCWAHQ5
770,Haze,Vannuccinii,Stillwell,hstillwellld@smugmug.com,09/11/1998,NWBN831732OMSCGBY8
771,Shaughn,Ferreres,Eastabrook,seastabrookle@bigcartel.com,07/20/1933,GADC666584YTLWCAJ3
772,Catina,Pearlman,Haswall,chaswalllf@4shared.com,02/20/1968,GRJZ801667RWUOZHY2
773,Adah,Pykett,Scotchbourouge,ascotchbourougelg@walmart.com,10/12/2017,WYXV441090SLUYAZP4
774,Hersh,Ruthen,Skerme,hskermelh@vimeo.com,04/25/1971,ENGC688976VZZRSEX3
775,Donovan,Wann,Sidlow,dsidlowli@acquirethisname.com,10/07/2015,ROIL972655QRWQWGW2
776,Kathi,Wyld,Leinthall,kleinthalllj@liveinternet.ru,12/01/1984,VAUD263840DVRLDXE7
777,Myrna,Tieman,Malpass,mmalpasslk@rambler.ru,08/31/1972,AVUK291076CCGCENS8
778,Chevalier,O' Reagan,Maplethorpe,cmaplethorpell@theguardian.com,06/20/1984,IEHO860310KETCBHC0
779,Idette,Murrigans,Boyde,iboydelm@sbwire.com,10/04/1996,QTOB998125KKDGZPC0
780,Mada,Kapelhoff,Mendoza,mmendozaln@moonfruit.com,09/10/2019,UKTK417379MMGYMUI8
781,Jeana,Flode,Lohan,jlohanlo@ihg.com,06/05/2006,RKUL644496LNCCCPU7
782,Gabbey,Lau,Clarridge,gclarridgelp@imdb.com,11/27/1953,AWBX897931QEPTOGH1
783,Valera,Leek,Botten,vbottenlq@usatoday.com,01/23/1957,BOAN386005JHHHNPC8
784,Denni,Pavlovic,Marquis,dmarquislr@webmd.com,09/21/1988,GYJM652504NDHZFKM4
785,Dallon,McKinstry,Yukhin,dyukhinls@bluehost.com,10/07/2020,ZQTL268297MLZEFZM9
786,Hartley,Fanti,Deverose,hdeveroselt@de.vu,09/11/1975,WSSG196501GCTHEMC1
787,Cassie,Shales,Laphorn,claphornlu@nature.com,12/22/1950,BYOI341151FKHHRMX3
788,Garrard,Witherby,Warry,gwarrylv@ifeng.com,05/13/1925,RESB168461TPFNBJU6
789,Nickola,Maddigan,Whyborn,nwhybornlw@archive.org,11/15/1972,VZIP174224MJTIODT9
790,Pris,Wolfer,Gullberg,pgullberglx@nifty.com,07/16/1997,RJMJ284000JIKIYFH5
791,Elston,Tomaskunas,Dent,edently@twitpic.com,07/01/1942,DBLC551704BKMNBUX3
792,Ethelind,Joanaud,Drewitt,edrewittlz@1688.com,10/11/1921,TIDQ628796AEAIFNO2
793,Teena,Ruddy,McDonnell,tmcdonnellm0@edublogs.org,06/07/1925,PTKJ077798TAKXOZQ2
794,Edlin,Olyet,Gircke,egirckem1@bluehost.com,10/26/1935,ESAQ645261DDVMKIE8
795,Greer,Passie,Lush,glushm2@printfriendly.com,12/30/1988,BVPE764380OANHSSK2
796,Hughie,Danton,Jobes,hjobesm3@cocolog-nifty.com,11/12/1924,QJUY759945JKFCLJZ1
797,Mordy,Vasilkov,MacNalley,mmacnalleym4@answers.com,12/27/1934,LSMI409547YBGXAWO0
798,Monte,McQuorkell,Locock,mlocockm5@unblog.fr,01/17/1977,AZVI657744XUSMNZG2
799,My,Jedryka,Levis,mlevism6@xrea.com,08/25/1988,UEQF126646IVOHUUZ1
800,Krystalle,McGall,Colcomb,kcolcombm7@zdnet.com,02/10/1999,JPUB778001MLPYCJY5
801,Halley,Duff,Landsman,hlandsmanm8@tiny.cc,11/16/1970,QWAV170397HUECYSH1
802,Judah,Jennins,Matlock,jmatlockm9@etsy.com,09/18/2018,SIOB136967QPZJWCA9
803,Barby,Volke,Fleming,bflemingma@bloglovin.com,10/31/2010,SXQD282556WTDXXXH7
804,Jelene,Capnerhurst,Meert,jmeertmb@slashdot.org,01/31/2015,VGPM611491RVWHNEJ6
805,Alice,Dennehy,Sealove,asealovemc@zimbio.com,11/14/1932,ZWXN811866FFCJJGI7
806,Craggie,Withers,Braddick,cbraddickmd@msn.com,02/09/1936,HPSO381733WYEFLCD4
807,Mair,Mellon,Roughsedge,mroughsedgeme@yellowbook.com,02/23/1928,BPOF240418LVCAFMZ8
808,Anton,Handling,Papierz,apapierzmf@indiegogo.com,06/01/1942,LPHG839119SXPWTSG5
809,Afton,Stapforth,Dennert,adennertmg@berkeley.edu,06/11/2005,GADR329135SHZISMN5
810,Vladimir,Bengal,Chasle,vchaslemh@guardian.co.uk,09/17/2013,HMGR410042FYSTYOR5
811,Giana,Ghidetti,Yurchishin,gyurchishinmi@bloglines.com,10/16/1930,XRZJ686794GHAXRYE1
812,Zulema,Keming,Calbaithe,zcalbaithemj@illinois.edu,07/03/1941,SCZR756927KNDQVTN5
813,Hestia,Kingzett,Frere,hfreremk@last.fm,04/14/1971,CVZG590085QXTYFWB7
814,Herculie,Dorling,Ahmed,hahmedml@shutterfly.com,03/11/1985,OZIU186149AARHHRG5
815,Velvet,Eden,Rawle,vrawlemm@discovery.com,03/06/1934,DSUR698174YKHQBWQ3
816,Zeb,Germon,Godier,zgodiermn@xrea.com,02/18/1952,RWFW113148FQVYCNM0
817,Javier,McKevitt,Gomby,jgombymo@seattletimes.com,04/24/1956,SSWN392682ABYABNS1
818,Wallas,Georgi,Stubs,wstubsmp@sakura.ne.jp,06/08/1996,BTDV778418MUGDXEQ1
819,Deana,Fitkin,Pitchford,dpitchfordmq@plala.or.jp,02/15/1956,JPKU393934DISCNXU0
820,Jorey,Dobkin,Matignon,jmatignonmr@dailymail.co.uk,05/15/1995,VITC015357QVXHHYS6
821,Randie,Watts,Breen,rbreenms@163.com,02/20/1949,WCAM330905PDALLAK7
822,Mylo,McKea,Jerzyk,mjerzykmt@geocities.com,06/21/2012,KVXY432946TWXRGOF5
823,Carmela,Torr,Moutray Read,cmoutrayreadmu@paypal.com,10/14/2013,ODCS665950CKGSQPA3
824,Barthel,Baines,Banstead,bbansteadmv@is.gd,12/13/1946,CIEQ614793OGAITWN2
825,Merla,Dosdale,Trodler,mtrodlermw@omniture.com,09/03/1958,NASZ171770ONOTBKW7
826,Ginger,Goakes,Pibsworth,gpibsworthmx@github.io,08/21/1936,JBJY677733QRHMCFJ6
827,Tammy,Rikkard,Grodden,tgroddenmy@redcross.org,02/07/1941,OMKM657633RCHZSSN4
828,Gordie,Rogliero,Tamsett,gtamsettmz@hud.gov,10/17/1991,PYRM413042KQZLEXX7
829,Ros,Hartman,Titherington,rtitheringtonn0@blogger.com,04/07/1949,VBSE737159FPODXAN6
830,Charil,Duckerin,Leyband,cleybandn1@ycombinator.com,07/05/1925,RYVO117518BOMOXAE1
831,Jolee,Leythley,Graser,jgrasern2@economist.com,12/24/1947,JHRG078821FBWNETU6
832,Wye,Devigne,Drysdall,wdrysdalln3@phpbb.com,12/29/1933,OLNV710639WWEOVDH6
833,Molly,Lester,Pethybridge,mpethybridgen4@people.com.cn,11/14/2012,MYQQ158102CUBLZMX8
834,Glory,Gaynesford,Simmonite,gsimmoniten5@vkontakte.ru,07/14/1983,XJZL341472PGOTPJF3
835,Sile,Chicken,Janda,sjandan6@twitter.com,08/28/1998,WLAW468251DASEFAW7
836,Marcel,Woolen,Kadar,mkadarn7@harvard.edu,06/16/2010,PLFN100315PZWXYZZ1
837,Staford,Creenan,Bramwell,sbramwelln8@pagesperso-orange.fr,12/21/1936,NHMG785763IQWLXJH8
838,Glenda,Lathbury,Como,gcomon9@mashable.com,12/29/1956,PGZW199893WTFQIRF0
839,Dante,Bessom,Baldack,dbaldackna@nih.gov,01/13/1996,ONNY006403NRSMEJX1
840,Krystle,Mavin,Boult,kboultnb@stumbleupon.com,02/23/1924,SRTQ361782BSGUKQL9
841,Olva,Bader,Mabey,omabeync@noaa.gov,03/06/1960,RGYS346627WERBGCR6
842,Erik,Munday,Hemstead,ehemsteadnd@tripod.com,02/27/1946,CMDS120409PILMYMX7
843,Ashly,Blazynski,Chastanet,achastanetne@com.com,06/13/1988,IBGS999643GEEXSOU2
844,Gage,O'Mohun,Wadforth,gwadforthnf@webs.com,09/11/1962,QIGF566688ICRGGSF0
845,Jason,Dell 'Orto,Leavold,jleavoldng@histats.com,01/19/1930,ZJBC549156HMEVBYA2
846,Mikael,Gumm,Bayldon,mbayldonnh@bizjournals.com,11/14/1924,DTYO415311FNOPSMV1
847,Almira,Dimitrie,Ginner,aginnerni@reddit.com,06/29/2007,BUYL222834QCLCPVQ4
848,Fred,Esmonde,Beswick,fbeswicknj@sun.com,03/18/1974,ZFJY939827VJPJLVD5
849,Mair,McNern,Walster,mwalsternk@1688.com,02/14/1944,LVSW714535HKLTPBZ1
850,Elisabeth,Gateley,Lewins,elewinsnl@cisco.com,04/06/2012,PYHJ934405RRWLOOM1
851,Omar,Piddlehinton,Suttaby,osuttabynm@purevolume.com,04/13/1996,HHGS670296NTMYEOG0
852,Neile,Simonou,Clymer,nclymernn@wordpress.org,03/19/1926,MKXR208233LUFHXJX0
853,Donaugh,Grushin,Winsiowiecki,dwinsiowieckino@utexas.edu,03/24/1925,LXUN292207EAHJDLK0
854,Elisabet,Calverd,Traise,etraisenp@github.io,12/05/1977,DMJR052244PWDTCNQ7
855,Godiva,Lamers,Paddingdon,gpaddingdonnq@trellian.com,01/01/2011,DXKI378086VHXPVAR6
856,Brynna,Sesser,Pink,bpinknr@ask.com,09/28/1968,BXDC133212WGYGUYS0
857,Joannes,Butt Gow,Artinstall,jartinstallns@surveymonkey.com,06/18/1996,FZQU556976SYCSUAU2
858,Earvin,O'Corrin,O' Hogan,eohogannt@bbb.org,04/17/2017,KFVM976645VMKCYTF2
859,Moyna,Lefeuvre,Ashard,mashardnu@mlb.com,01/20/1984,SADB097728ZWLYDHU0
860,Kaylil,Marfe,Serridge,kserridgenv@ftc.gov,02/11/1981,LMPV169071PAPVDEL1
861,Delilah,Dufall,Volk,dvolknw@un.org,10/15/1923,GOMR027959WCGNYVI7
862,Krispin,Yurov,Blundan,kblundannx@admin.ch,08/06/1986,JHYN859631BWVIRUE3
863,Leanora,Harbron,Camilletti,lcamillettiny@squarespace.com,02/21/1934,JOZM251454MOHCAMS5
864,Dina,Marlow,Henworth,dhenworthnz@lulu.com,04/03/1973,WWTM171939GGCFXXS0
865,Agosto,Clynter,Shakelady,ashakeladyo0@tripadvisor.com,03/06/1997,MQWG957488PGCULZI3
866,Elbertina,Stitwell,Twaits,etwaitso1@globo.com,05/30/1988,IEPL792286URAGGZH1
867,Erma,Dallewater,Insworth,einswortho2@multiply.com,09/18/1946,CCGI813194NLSJZWA1
868,Ricoriki,Vasyukov,Fritchley,rfritchleyo3@army.mil,11/03/1988,TKNP683530GXPHNZT6
869,Elsa,Noyes,Terrington,eterringtono4@ebay.com,11/25/1962,RAWQ849743OVUFFNP7
870,Susette,Peirone,Saladine,ssaladineo5@tuttocitta.it,05/01/1996,TKNZ407158SXAYGFG4
871,Gabriel,McClinton,Matussow,gmatussowo6@house.gov,01/10/1957,AEIQ573464BWZPHIM8
872,Mordy,Tale,Hadcock,mhadcocko7@spotify.com,02/18/1976,EUHR836057CJKNAVR8
873,Hendrika,Schwerin,Radcliffe,hradcliffeo8@bbc.co.uk,07/06/2011,ZVIY984718EMTHVBS9
874,Loren,Moyes,Lombardo,llombardoo9@gizmodo.com,08/18/1997,YKVM849278FBBOIEO9
875,Germana,Pettifor,Bengall,gbengalloa@yolasite.com,09/24/2000,BXKI250144IZDFBRH6
876,Putnam,Barrowclough,Mangenot,pmangenotob@salon.com,10/11/1933,VNQN226977XQEBCWA0
877,Constanta,Bodemeaid,Phillcock,cphillcockoc@businessweek.com,11/22/1962,JJUI689032RXBLGZS2
878,Amara,Klehn,Abson,aabsonod@slashdot.org,01/10/2016,RTEY378259PHNLQHO6
879,Erin,Durdy,Baiden,ebaidenoe@bing.com,01/01/1977,BRPQ630558CQNENZK0
880,Carla,Flipsen,Ginty,cgintyof@taobao.com,08/23/1921,QMGY354838CBKBYBX6
881,Cary,Kinglake,Ameer-Beg,cameerbegog@ocn.ne.jp,06/08/1975,OSWN838745MUZLTBT9
882,Lombard,Gerty,Braime,lbraimeoh@ebay.co.uk,02/17/2020,NEXB561062NGUMZTL9
883,Zared,Thorouggood,Ashbe,zashbeoi@imgur.com,11/14/1939,ADXI302839TKVGGPG2
884,Zena,Kos,Hamlen,zhamlenoj@cam.ac.uk,11/27/1948,UGQY121294ZNUWHHO0
885,Liam,Dancer,Hardson,lhardsonok@telegraph.co.uk,12/14/1922,NIER781874MVKBADL6
886,Flore,Attoc,O' Culligan,foculliganol@goo.gl,10/03/2009,CICC790612COJWZBJ8
887,Annaliese,Bonicelli,Devennie,adevennieom@purevolume.com,08/26/1940,OXES986985YPPGLGC8
888,Darb,Hempel,Hamlett,dhamletton@sakura.ne.jp,10/26/1949,HPGB879045STZIYMK2
889,Bordie,Perview,Kitchenside,bkitchensideoo@seattletimes.com,09/21/1999,JYOB932267KZVPZNO5
890,Crystie,Godbert,Lenard,clenardop@domainmarket.com,09/30/1936,RIHO187574YBGERTT3
891,Wallis,Karim,Brough,wbroughoq@paypal.com,03/10/1997,XQZK205613NEOJVKF3
892,Gus,Jerrim,Barry,gbarryor@printfriendly.com,01/28/1942,ZACX973354IHAIXNT8
893,Federico,Welband,Pautot,fpautotos@ycombinator.com,02/28/1951,LUEN283383FXJZJGA3
894,Drusilla,Van Vuuren,Claxton,dclaxtonot@oaic.gov.au,01/03/1923,GPWN989495OXZSSXX4
895,Tanny,Patience,Yedy,tyedyou@nasa.gov,11/09/1961,OJUD807351MXEZNUX4
896,Otho,Johnsee,Ber,oberov@opera.com,03/25/1955,WEHG070947JWBZDFR2
897,Armstrong,Kliement,Fulger,afulgerow@gizmodo.com,07/14/2009,YMFM185096NVEBROQ0
898,Andrey,Schaffler,Jorge,ajorgeox@photobucket.com,03/10/1966,NYVP293787FVIAILA6
899,Noellyn,Greest,Ciepluch,nciepluchoy@upenn.edu,11/16/1946,FLQN456067IZFIYFP6
900,Jarib,Stoodale,Warcup,jwarcupoz@amazonaws.com,07/23/1976,LPJD793849WUJRHOY9
901,Stephanus,MacDonald,Coetzee,scoetzeep0@usnews.com,03/10/1953,ZIAH114172VDLSWTP2
902,Fairfax,Marklin,Welland,fwellandp1@buzzfeed.com,03/13/1944,TOSS838764QXTWQAA8
903,Haskell,Furlong,Bosman,hbosmanp2@csmonitor.com,05/20/1923,PBPT474487QWQLBRT2
904,Batsheva,Dobrovolski,Mealing,bmealingp3@cnet.com,03/04/1987,SGLX812725HBYOMUO9
905,Kalindi,Andrichuk,Ortelt,korteltp4@omniture.com,04/08/1941,BTKJ370625IVAXVJR0
906,Ellsworth,Cowland,Hulk,ehulkp5@webs.com,05/01/2017,PLQC453882PRBBZNN8
907,Domenic,Dunkley,Prator,dpratorp6@google.cn,11/23/1985,AMKP210648EZKGVPX6
908,Yetty,Drinkwater,Olivey,yoliveyp7@twitpic.com,04/09/2003,AVXI552835WLWQLOI6
909,Forrest,Odo,Durnall,fdurnallp8@senate.gov,11/23/1964,HMBX588453NSUCCVJ4
910,Elissa,Yurevich,Olenchenko,eolenchenkop9@soundcloud.com,08/06/1962,XRNB895343WOAVNGN8
911,Priscella,Droogan,Haker,phakerpa@dedecms.com,09/12/1992,HVWE057985BZUOCZG7
912,Hadria,Baike,Burrus,hburruspb@si.edu,07/22/1951,VOPP177695QOGSXXT1
913,Zenia,Lidgertwood,Gissing,zgissingpc@aboutads.info,02/15/1953,ZNES097508ZCXUDWF7
914,Brenna,Whipp,Guenther,bguentherpd@unblog.fr,06/12/2013,OMGA710668BOKSGBB2
915,Porter,Pringell,Toal,ptoalpe@hp.com,10/08/2000,AACJ687748BZMNGYG0
916,Jeremiah,Stinchcombe,Drover,jdroverpf@t.co,08/13/1934,IONE367137XYSQOWG4
917,Leslie,Leppingwell,Hardway,lhardwaypg@foxnews.com,04/13/1967,WMLJ539649CMZAFFK4
918,Margaretta,Rye,Beauvais,mbeauvaisph@soundcloud.com,09/12/1981,OWHM596516CEPMDSP5
919,Grethel,Steet,Stirton,gstirtonpi@eepurl.com,10/17/1982,KHZR235372GXSUVBA9
920,Urson,Semmence,Leppington,uleppingtonpj@sogou.com,07/28/1974,DHQF278741WEOINGT3
921,Valentia,Peyro,Cunradi,vcunradipk@wikipedia.org,07/07/1946,YAPL984350BAAVMDD9
922,Bondie,Danzey,Munks,bmunkspl@sphinn.com,04/29/2005,TOID410765QCXYMJN0
923,August,Cloney,Bladesmith,abladesmithpm@marketwatch.com,12/07/2005,TELH426917SHIEPCK4
924,Melvin,Leafe,Raywood,mraywoodpn@opera.com,02/23/1964,XLSR206583JKXXAPD8
925,Cally,Arends,Cocker,ccockerpo@prlog.org,03/24/1984,UWHR096673UHGBESM2
926,Tito,Spargo,Devey,tdeveypp@prweb.com,11/06/1926,EVRR243774AFNCJGO3
927,Laird,Penna,Utton,luttonpq@g.co,04/28/1979,CAIC090432CUHDZEW8
928,Immanuel,Dawe,Rowet,irowetpr@google.pl,12/05/1948,CTWY581611AMNTWTI6
929,Cathryn,Kennler,Foker,cfokerps@printfriendly.com,12/07/1920,RAKU577965IMFXJLX7
930,Rachelle,Keeling,Falvey,rfalveypt@phpbb.com,12/01/1985,BZUT525922RXZEQHC8
931,Rupert,Swatland,Featley,rfeatleypu@example.com,01/02/1930,ZTCE006507RVRTLSE7
932,Ab,Domanek,D'Cruze,adcruzepv@linkedin.com,02/21/1934,LGEP082974XSYVTCA7
933,Idette,Berrington,Georghiou,igeorghioupw@cdbaby.com,02/18/1930,MIWJ686260CJMCALN8
934,Bari,Bartels,Ridd,briddpx@stumbleupon.com,11/15/1974,PDJH815411UXVJBQE1
935,Averil,Offill,Bruckstein,abrucksteinpy@cocolog-nifty.com,06/02/1937,KFGZ226014ZMVVELG7
936,Lorena,Bruna,Greenstead,lgreensteadpz@harvard.edu,04/11/1997,WWHE087707LAULMJL4
937,Kelcie,Gutman,Furness,kfurnessq0@pagesperso-orange.fr,11/11/1991,JYGQ966787TMSFTPU0
938,Bjorn,Hemshall,Caughtry,bcaughtryq1@indiatimes.com,05/16/1968,VLTK170842LAIZMJN0
939,Rochella,Blanchflower,Sandall,rsandallq2@msu.edu,11/02/1962,JUKP247934OXZCYKS2
940,Shae,Feild,Eaglestone,seaglestoneq3@jugem.jp,04/13/2003,QKMC401244PGLNPWJ0
941,Dorolice,Crossley,Espina,despinaq4@wikimedia.org,05/03/1945,VPTL346171WWCCAYB4
942,Anton,Ruslin,Danielovitch,adanielovitchq5@techcrunch.com,06/04/2017,BAHI934273PRCQEUK7
943,Armstrong,Nellen,Balnave,abalnaveq6@cbsnews.com,12/11/2018,GJZM296074CRREHSW6
944,Ricki,Derry,Baynham,rbaynhamq7@dell.com,11/23/1961,JOLF951589NTWFSNM0
945,Giff,Probbings,Goulborne,ggoulborneq8@umich.edu,06/03/1942,EEXC345385LAPZKSK0
946,Hillary,Burgum,Wabb,hwabbq9@edublogs.org,05/01/1990,YSBP467346KSGBTCP9
947,Carolann,Gosart,Sancias,csanciasqa@networksolutions.com,12/13/1929,RSIO431880QAAYCFK0
948,Carena,Penhalurick,Bridgwater,cbridgwaterqb@virginia.edu,06/09/1985,LARE122902RLFHCLH3
949,Constantin,Keyser,Checklin,cchecklinqc@php.net,12/12/1972,KAUM247956DEUVZPY4
950,Aretha,McClintock,Madeley,amadeleyqd@miitbeian.gov.cn,12/09/1951,IWBX563626ZPKVOLD4
951,Vanda,Greeding,Striker,vstrikerqe@spotify.com,12/29/1948,IZCQ623126YBVFRVL8
952,Lorinda,Wiskar,Carnegy,lcarnegyqf@wikispaces.com,01/08/1967,IMUY336992BVRMPTK7
953,Nathan,Huntriss,Hoofe,nhoofeqg@sakura.ne.jp,05/31/1946,HLDC132458PSGOAAL0
954,Cello,Slater,Litton,clittonqh@a8.net,08/07/1966,HIUR012538EFWEUWL3
955,Marley,Standbridge,Roderigo,mroderigoqi@sciencedirect.com,02/13/1976,RONY639708MGMJFTI9
956,Nicoli,Maxsted,Garlinge,ngarlingeqj@berkeley.edu,07/21/2018,BKMT593783HEAINLV7
957,Leanor,Devanney,Lillee,llilleeqk@1und1.de,08/24/1938,NZCB552041BVAYADY1
958,Hillard,Josefs,Goldsby,hgoldsbyql@prlog.org,12/17/1980,RWWD402067MWYADQO6
959,Randi,Henighan,Imos,rimosqm@admin.ch,04/19/1948,RZTI298393APUAMLP9
960,Felipe,Rao,Jarritt,fjarrittqn@shop-pro.jp,12/22/1975,CQWV156466LWQACPB9
961,Bobinette,Ingleston,Dominguez,bdominguezqo@exblog.jp,02/07/1988,YHTK472813VTPFYAJ7
962,Peirce,Goricke,Marns,pmarnsqp@multiply.com,06/07/1973,HQRN907933XGXIEWQ8
963,Trevar,Buglar,Westoff,twestoffqq@hud.gov,08/08/1994,KCCR115838VQKFUXR1
964,Heindrick,Bollum,Tesoe,htesoeqr@imageshack.us,11/17/1956,NODV227654KUAPYAM4
965,Brooke,Bothie,Wilsee,bwilseeqs@shinystat.com,11/02/1993,AUDY916140GVCHYPQ2
966,Christoph,Binford,Dreinan,cdreinanqt@dmoz.org,08/11/1982,WACS897380BFOXSMY9
967,Caspar,Kellard,Strothers,cstrothersqu@google.com,11/16/1927,ZCTN543373ZONWPTT4
968,Erin,Hosier,Romanelli,eromanelliqv@deliciousdays.com,12/09/1985,DJJM971581TYBKYYP7
969,Joelie,Biskupiak,Bortolutti,jbortoluttiqw@angelfire.com,04/18/1995,FQZN942138MNCUVBB1
970,Eldon,Shiers,Tabard,etabardqx@smh.com.au,07/27/1975,GOVM102610ZMZCFVU4
971,Goober,Cutbirth,Apted,gaptedqy@delicious.com,09/21/1999,TWKJ059496QWVDVGL0
972,Alexandr,Marquese,Zmitruk,azmitrukqz@mashable.com,02/02/2006,JUCE476187TDGEESL4
973,Donny,Silby,Trasler,dtraslerr0@skyrock.com,01/25/1955,ANGS679564KOTAQSI0
974,Di,Colling,Scruton,dscrutonr1@disqus.com,06/05/1950,IGLJ222325AZBKGCB8
975,Cyrill,Halworth,Mounce,cmouncer2@sciencedaily.com,10/24/1925,SUER666946PFSVDMX8
976,Berkie,Elwood,Cracknall,bcracknallr3@intel.com,10/26/1950,ZPXL791608LNIZRNP6
977,Balduin,Von Welldun,Smee,bsmeer4@behance.net,01/29/1964,YVAN428941QZIYJLG5
978,Zabrina,Norgate,Dehmel,zdehmelr5@squidoo.com,09/02/1954,WCMZ939036JZUXSEX5
979,Therese,McFie,Churchley,tchurchleyr6@sphinn.com,08/31/1925,GNTJ857989NWIWYOJ5
980,Gregory,Chetwin,Nottingham,gnottinghamr7@goo.ne.jp,04/27/1955,QUIC864711BCASRIG3
981,Elyse,Blundon,Pargeter,epargeterr8@yahoo.com,03/27/1927,YSLX841260TJTVULQ9
982,Ferd,Pic,Spyby,fspybyr9@facebook.com,11/27/1967,SWQO248532DYNAAKR9
983,Lita,Pead,Moubray,lmoubrayra@dmoz.org,06/18/1968,MYTT276666AGFCKDC5
984,Hurlee,Clunie,Chaytor,hchaytorrb@scribd.com,07/18/1962,MOWP858463IRFPYJF0
985,Karlie,Barbrook,Bradane,kbradanerc@last.fm,09/02/1955,CYRB012329VRIUOBE9
986,Arv,Jarad,Hundy,ahundyrd@jugem.jp,10/25/1961,JWDL554206TBSVKIM0
987,Ali,Capelow,Astles,aastlesre@constantcontact.com,02/20/1974,QHJR506705VKOFXIM1
988,Hillel,Scottrell,Pomphrey,hpomphreyrf@furl.net,03/22/1947,XIJM687954ESSSQAT5
989,Lia,Beswell,Basini-Gazzi,lbasinigazzirg@bigcartel.com,03/24/1932,REKR332694PSNXAPY9
990,Remington,Fenimore,Minchinton,rminchintonrh@geocities.com,06/03/2019,YUUP418662DYHCMMW0
991,Somerset,Lardner,Manuello,smanuellori@bigcartel.com,11/20/1946,KDLQ976960CPXFIDR4
992,Nelia,Blaschek,Veillard,nveillardrj@meetup.com,12/28/1961,RVBN993386RQYHXTF8
993,Ambrose,Peiser,Schust,aschustrk@ucoz.com,03/30/1970,RLXW816377SOWTFBZ4
994,Brewer,Briant,Santorini,bsantorinirl@nydailynews.com,05/01/1992,WDTB628907CTLSCZJ7
995,Cristal,Colegate,Dyhouse,cdyhouserm@aol.com,12/05/1997,QDBT443643FHBXNJG1
996,Caroline,Emmot,Meriott,cmeriottrn@behance.net,07/11/1994,BEOF178456HOJDEVQ2
997,Lorri,Schroeder,O'Scannill,loscannillro@ovh.net,09/17/1946,HCDD044968SZJYHJS8
998,Fernanda,Garthland,Gethen,fgethenrp@examiner.com,04/15/1936,LUUR762932AKOEHKW7
999,Willis,Comettoi,Blench,wblenchrq@nba.com,05/21/1942,WPSD678339MYLQEAR6
1000,Jessamine,Billanie,Blaydon,jblaydonrr@sourceforge.net,02/22/1978,FOBW820938HYTRWEW7